,Codigo,Descripcion,Fecha Compra,Fecha Venta,Inv Bodega,Inv Matriz,Inv Serena,Inv Industrial
0,00002883,VELLUMOIDE 1/64 0.397 MM                          ,11/10/2022,06/02/2023,S,N,S,N
1,00002884,VELLUMOIDE 1/32 0.794 MM                          ,26/01/2023,06/02/2023,S,N,N,N
2,00002885,VELLUMOIDE 1/16 1.588 MM                          ,26/01/2023,03/02/2023,S,S,N,N
3,00002886,VELLUMOIDE 3/32 2.381 MM                          ,10/08/2022,07/02/2023,S,N,N,N
4,00002887,VELLUMOIDE 1/8 3.175 MM                           ,01/02/2023,06/02/2023,S,N,N,N
5,00002888,TEMASIL AZUL CON METAL 1/32 (4.15 KG PLANCHA)     ,14/08/2020,02/03/2022,,N,N,
6,00002889,TEMASIL AZUL CON METAL 1/16 8 KGS XPL             ,28/04/2022,26/01/2023,S,N,N,N
7,00002890,TEMASIL AZUL CON METAL 3/32 13.1 KGS X PL         ,28/04/2022,12/01/2023,S,N,N,N
8,00002891,TEMASIL AZUL CON METAL 1/8 15.6 KGS X PL          ,23/01/2023,23/11/2022,S,N,S,
9,00002892,TEMASIL AZUL SIN METAL 1/16 6.7 KLS X PL          ,20/04/2021,26/01/2023,S,N,N,
10,00002893,TEMASIL AZUL SIN METAL 1/32 3.5 KLS X PL          ,24/12/2021,06/12/2022,S,N,S,
11,00002894,TEMASIL AZUL SIN METAL 1/8 11.9 KLS X PL          ,09/07/2016,21/10/2022,,N,N,
12,00002895,TEMASIL AZUL SIN METAL 3/32 9.9 KLS X PL          ,09/10/2019,08/11/2019,,N,N,
13,00015010,JUEGO EMPAQUETADURA MOTOR HONDA                   ,11/03/2021,11/03/2021,,S,N,
14,00019102,EMPAQ CULATA IZQ GRAFITO HYU COUPE 2.7 02/07 TW   ,28/08/2013,31/08/2013,,,S,
15,00019103,EMPAQ CULATA DER GRAFITO HYU COUPE 2.7 02/07      ,28/08/2013,31/08/2013,,,S,
16,00019121,EMP MULT ADM TOY HILUX KUN 2KDFTV 2006/08         ,10/01/2014,13/01/2022,,N,N,
17,00019123,EMPAQ TAPA VALV NIS TERRANO D22 NAVARA            ,02/07/2014,11/12/2021,,N,,
18,00019132,EMPAQ MULT ADM NIS TERRANO D22 YD25               ,30/08/2013,22/08/2017,,N,,
19,00024716,ASBESTO TRENS CORDON ENGRASADO 1/2                                                                  ,,05/04/2019,,N,N,
20,00024717,ASBESTO TRENS CORDON ENGRASADO 1/4                                                                  ,,30/12/2014,,N,,
21,00024718,ASBESTO TRENS CORDON ENGRASADO 3/8 12MT                                                             ,,03/01/2019,,N,N,
22,00024719,CORDON GRAFIT 1/4 (12XKG) ASBESTO                 ,26/11/2020,27/11/2020,,N,N,
23,00024720,ASBESTO CORDON GRAFIT 5/16 (9XKG)                 ,01/03/2018,25/08/2017,,N,N,
24,00024721,ASBESTO CORDON GRAFIT 3/8 POR KG (6XKG)           ,05/12/2022,07/01/2023,S,N,N,
25,00024722,ASBESTO CORDON GRAFIT 1/2 (3.5XKG)                ,05/12/2022,24/01/2023,S,N,N,
26,00024723,ASBESTO CORDON GRAFIT 5/8 MT (2.5XKG)             ,01/10/2013,25/06/2016,,N,,
27,00024724,ASBESTO CORDON GRAFIT 3/4 MT (1.5XKG)             ,23/06/2012,25/11/2015,,N,,
28,00024725,ASBESTO CORDON GRAFIT 7/8 MT (1.3XKG)             ,,04/03/2016,,N,,
29,00024975,CORCHOPREN 3/16 4.76MM PLANCHA                    ,15/06/2017,24/11/2020,,N,N,
30,00024976,"CORCHOPREN 1/4"" 6.35MM PLANCHA 1000X500MM         ",24/09/2018,09/02/2021,,N,,
31,00024977,CORCHOPREN 1/32 0.7MM PLANCHA                     ,27/02/2015,04/03/2021,,N,,
32,00024978,CORCHOPREN 1/16 1.5MM PLANCHA 1000X500MM          ,24/09/2018,18/03/2021,,N,N,N
33,00024979,CORCHOPREN 5/64 2MM PLANCHA 1000X500MM            ,,13/01/2020,,N,,
34,00024980,CORCHOPREN 3/32 2.5MM PLANCHA                     ,18/07/2019,07/01/2022,,N,N,N
35,00024981,CORCHOPREN 1/8 3MM PLANCHA 100X500MM              ,13/05/2020,13/10/2020,,N,N,
36,00024982,CORCHOPREN 5/32 4MM PLANCHA                       ,13/05/2020,03/01/2022,,N,,
37,00028178,KIT EMPAQ CULATA/TAPA VALV/ADM/RETEN VAL TOY LANCR                                                  ,,11/11/2015,,N,,
38,00028897,EMPAQ CARTER DAIH CHARADE /ASIA TOWNER            ,14/09/2016,21/10/2022,,N,,
39,00028898,EMPAQ CARTER FIAT 125                             ,27/03/2014,04/04/2014,,N,N,
40,00028900,EMPAQ CARTER FIAT FIORI 1.5 93/96                 ,26/10/2012,22/01/2020,,N,N,
41,00028901,EMPAQ CARTER FIAT PALIO 1.3                                                                         ,,,,,,
42,00028902,EMPAQ CARTER KIA BESTA 2.5 KOREA                                                                    ,,,,,,
43,00028904,EMPAQ CARTER KIA K 2.400                          ,27/09/2018,15/06/2020,,N,,
44,00028907,EMPAQ CARTER MAZDA B2200 JP                                                                         ,,,,,,
45,00028908,EMPAQ CARTER NISSAN CD17 GOMA TW                  ,13/12/2011,26/09/2022,,N,,
46,00028910,EMPAQ CARTER NISSAN J13/15/16/18 CP2-401 TW       ,09/01/2014,28/12/2022,,N,,
47,00028914,EMPAQ CARTER SUZUKI ST90/LJ80/SJ410/SK410 78-85 CP2-2902 TW                                         ,05/01/2017,07/04/2014,,N,,
48,00028916,EMPAQ CARTER HONDA CIVIC B16A 92/93               ,23/08/2013,,,,N,
49,00028919,EMPAQ CARTER TOY DYNA TW                                                                            ,,,,,,
50,00028920,EMPAQ CULATA CHEV CHEVETTE BRASIL                                                                   ,,19/11/2021,,N,,
51,00028921,EMPAQ CULATA CHEV CHEVETTE BRASIL                                                                   ,,01/03/2016,,N,,
52,00028923,EMP CULATA CHEV LUV 2.2 98-00/ S10 2.2 DAE ESP 2.0,18/01/2023,22/03/2021,,N,N,
53,00028926,EMPAQ CULATA DAEWOO RACER/LANOS 1.3-1.5           ,07/08/2018,24/09/2018,,N,,
54,00028931,EMP CULATA PEUG 504/505 2.0                       ,09/04/2015,29/01/2018,,N,N,
55,00028932,EMPAQ CULATA DAIH CUORE/MAX.CUORE 550 / S60       ,29/10/2020,29/10/2020,,N,S,
56,00028934,EMPAQ CULATA FIAT 125 1.7 MM                                                                        ,21/03/2018,05/02/2019,,N,N,
57,00028935,EMPAQ CULATA FIAT 125 CCAM-908 1.2MMESPESOR                                                         ,27/05/2011,18/06/2015,,N,,
58,00028936,EMPAQ CULATA FIAT 132 ITALIA                                                                        ,27/05/2011,26/12/2013,,N,,
59,00028937,EMPAQ CULATA FIAT 147 1050/1300/UNO ARGENTINA     ,23/08/2018,11/10/2018,,N,N,
60,00028938,EMPAQ CULATA FIAT 600 0.3MM ITALIA                                                                  ,12/11/2018,22/03/2014,,N,,
61,00028939,EMPAQ CULATA FIAT 600 0.6MM ITALIA                                                                  ,27/05/2011,22/07/2015,,N,,
62,00028940,EMPAQ CULATA FIAT 600-ZAST 750CC TARANTO ITALIA                                                     ,03/08/2016,07/08/2017,,N,,
63,00028943,EMPAQ CULATA FIAT FIORI 1.5 CATAL                                                                   ,,05/06/2014,,N,,
64,00028945,EMPAQ CULATA FIAT FIORI 1.7 1.80 MM DIESEL        ,02/12/2011,06/07/2016,,N,,
65,00028946,EMPAQ CULATA FIAT FIORI 1.7 2.10 MM DIESEL BRASI                                                    ,27/05/2011,01/08/2015,,N,,
66,00028947,EMPAQ CULATA FIAT FIORI 1300 89/92-UNO/PALIO/SIENA,08/09/2015,08/09/2015,,N,N,
67,00028948,EMPAQ CULATA FIAT PALIO 1.3                       ,10/10/2012,07/10/2011,,N,,
68,00028949,EMPAQ CULATA FIAT STRADA 1.9 DIESEL TD                                                              ,27/05/2011,20/04/2016,,N,,
69,00028950,EMPAQ CULATA FIAT TIPO/RITMO/UNO 1.4                                                                ,17/06/2015,18/06/2015,,N,,
70,00028951,EMPAQ CULATA HYUN ACCENT DIESEL 3 CIL             ,01/07/2011,31/03/2021,,N,S,
71,00028953,EMPAQ CULATA HYUN ACCENT PRIME 1.5L TW            ,05/03/2018,02/09/2021,,N,S,
72,00028954,EMPAQ CULATA HY ELANTRA 1.6 G4CR 92/95            ,04/05/2012,26/01/2018,,N,,
73,00028956,EMPAQ CULATA HY EXCEL 1.5 88- LANCER 1.5 87/      ,25/04/2014,29/10/2018,,N,,
74,00028957,EMPAQ CULATA HYUN EXCEL 1.3 KOREA                                                                   ,13/01/2014,02/08/2014,,N,,
75,00028958,EMPAQ CULATA HYUN EXCEL 1.5 87-94 KOREA                                                             ,,,,,,
76,00028960,EMPAQ CULATA HY H1 2400 SONATA 2.4 H100 2.4       ,07/07/2021,23/12/2022,,N,S,
77,00028961,EMPAQ CULATA HY H100D 2.5 C/TURBO                 ,10/06/2015,08/07/2020,,N,S,
78,00028962,EMPAQ CULATA HY H100D 2.5/ L200 S/T               ,20/11/2018,13/08/2022,,N,N,
79,00028963,EMPAQ CULATA HY MIGHTY 3.3 4D31/3.5 D4AF 99/      ,01/07/2011,19/03/2014,,N,N,
80,00028964,EMPAQ CULATA HYUNDAI                              ,11/04/2017,07/06/2021,,N,S,
81,00028965,EMPAQ CULATA HYUN SONATA 1.8 G4CM 88/96           ,03/08/2016,03/08/2016,,N,N,
82,00028966,EMPAQ CULATA HYUN SONATA 2.4 JP                                                                     ,,,,,,
83,00028971,EMPAQ CULATA ISUZU NKR/4JB1 JP 3.9CC                                                                ,,03/06/2014,,N,,
84,00028973,EMPAQ CULATA KIA 3500                             ,22/12/2011,08/04/2014,,,N,
85,00028974,EMP CULATA KIA AVEL II 1.5 B5 98/01 C/INYEC SEPHIA,04/12/2020,13/05/2021,,N,N,
86,00028975,EMPAQ CULATA KIA BESTA 2.2                        ,05/08/2022,09/08/2022,,N,S,
87,00028980,EMP CULATA KIA RIO I-II 1.5 A5D DOHC 98/ METALICA ,,04/09/2020,,N,S,
88,00028982,EMPAQ CULATA LADA NIVA                                                                              ,27/05/2011,17/10/2017,,N,,
89,00028983,EMPAQ CULATA LADA SAMARA 1.5                                                                        ,22/03/2012,30/12/2013,,N,,
90,00028985,EMPAQ CULATA LUV 1600CC 77-88 CSAM304E TW         ,30/05/2012,24/12/2019,,N,,
91,00028986,EMPAQ CULATA LUV 2000CC 81-00 G200/ TROOPER 2.0 G ,07/02/2015,27/01/2023,,N,S,
92,00028987,EMPAQ CULATA LUV 2000CC 84-87 CSAM-308E/8-942                                                       ,30/05/2012,11/04/2016,,N,,
93,00028989,EMPAQ CULATA LUV 2300CC 89- CSAM-313E/8-94324-053-0/8 TW                                            ,19/12/2013,09/04/2015,,N,N,
94,00028990,EMPAQ CULATA MAZDA 323 PN 1.7                     ,16/01/2015,15/01/2015,,N,,
95,00028991,EMPAQ CULATA MAZDA CTAS NA 77/80                  ,28/09/2021,22/06/2018,,N,,
96,00028995,EMPAQ CULATA MAZDA B2000/626 1.8 F8/626 2.0 FE JP ,22/08/2018,22/12/2018,S,N,,
97,00028996,EMPAQ CULATA MAZ B2200/626-929 FE/F2              ,17/01/2023,16/08/2017,,N,N,
98,00028997,EMPAQ CULATA MAZDA B2500 DIESEL 97/05 JP          ,20/05/2014,26/05/2014,,N,,
99,00028999,EMPAQ CULATA MAZDA E2200 JP 98/00                                                                   ,,05/05/2012,,N,,
100,00029000,EMPAQ CULATA MIT SONATA 2.0 88/98 GALANT 2.0 80/92,07/09/2018,17/10/2019,,N,N,
101,00029001,EMPAQ CULATA MIT L200 2.0 85/93 TW                ,,07/04/2014,,N,,
102,00029004,EMP CULATA MIT L200/L300 /H100 2.4 BENC           ,26/05/2014,07/08/2019,,N,,
103,00029005,EMPAQ CULATA MIT L300 1400CC 8111MD004430 TW                                                        ,,,,,,
104,00029006,EMPAQ CULATA MIT L300 1.6 82/ GALANT 1.6          ,04/08/2015,08/09/2022,,N,N,
105,00029007,EMPAQ CULATA MIT LANCER 1.3/PROTON KOREA                                                            ,01/06/2017,15/06/2017,,N,N,
106,00029008,EMPAQ CULATA MIT LANCER G15B KR                   ,06/02/2020,06/02/2020,,N,S,
107,00029010,EMPAQ CULATA NISSAN B.BIRD 2.0 CA20S 83/00                                                          ,,02/06/2016,,N,N,
108,00029011,EMPAQ CULATA NISSAN 720 J15-16 JP                 ,14/03/2017,13/10/2017,,N,N,
109,00029015,EMPAQ CULATA NISSAN CD20 90/2000 TW               ,09/04/2019,17/08/2021,,N,,
110,00029016,EMPAQ CULATA NISSAN D21 Z20 JP                    ,09/05/2019,16/12/2021,,N,S,
111,00029018,EMPAQ CULATA NISSAN D21/LD28 TW                                                                     ,,08/04/2015,,N,,
112,00029021,EMPAQ CULATA NISSAN J15 1.5/1.6CC C5AM-432/1104                                                     ,,,,,,
113,00029023,EMPAQ CULATA NISSAN LD20 C/CADENA JP                                                                ,02/07/2015,03/07/2015,,N,N,
114,00029024,EMPAQ CULATA NISSAN LD20 JP                                                                         ,,,,,,
115,00029026,EMPAQ CULATA NISSAN RD28 89/96 TW                 ,18/12/2012,14/11/2014,,N,,
116,00029027,EMPAQ CULATA NISSAN SD22 20/22 MTDT11044Y1400 TW  ,17/12/2013,17/07/2015,,N,N,
117,00029028,EMPAQ CULATA NISSAN D21 KA24 JP                   ,25/02/2021,26/02/2021,,N,N,
118,00029030,EMPAQ CULATA NISSAN SUNNY E13/SENTRA E16 TW       ,26/06/2014,28/05/2016,,N,,
119,00029032,EMPAQ CULATA NISS TERRANO 2.5 01/02 TD25          ,25/10/2013,22/03/2016,,N,,
120,00029033,EMP CULATA NIS D22 KA24E TERRANO II 12V 93/04 MEX ,13/05/2020,28/12/2020,,N,S,
121,00029042,EMPAQ CULATA SUZUKI FORZA 1000 JP                                                                   ,,,,,,
122,00029044,EMPAQ CULATA SUZUKI FRONTE 550CC TW                                                                 ,26/07/2012,21/04/2021,,N,,
123,00029047,EMPAQ CULATA SUZUKI SJ413 JP                      ,30/11/2011,09/09/2013,,N,N,
124,00029048,EMPAQ CULATA SUZUKI SJ413/SWIFT TW                ,07/01/2019,20/01/2021,,N,N,
125,00029056,EMPAQ CULATA TOY 2L METALICA                                                                        ,,06/08/2018,,N,,
126,00029057,EMPAQ CULATA TOY 2T/3T C5AM-4100A JP                                                                ,,01/09/2015,,N,,
127,00029058,EMPAQ CULATA TOY 2T/3T/CELICA TW                                                                    ,,28/12/2019,,N,,
128,00029060,EMPAQ CULATA TOY 2Y/3Y AM9090 TW                                                                    ,,23/11/2022,,N,N,
129,00029063,EMPAQ CULATA TOY 5R JP                                                                              ,,,,,,
130,00029064,EMPAQ CULATA TOY AU/CT 12R 75-80 AM9070 AM-9070                                                     ,,16/04/2012,,N,,
131,00029065,EMPAQ CULATA TOY COROLLA 2.0 2C DIESEL 85/        ,26/01/2015,20/06/2015,,N,,
132,00029069,EMPAQ CULATA TOY HILUX 1Y/2Y/3Y HILUX 84/92 JP    ,01/07/2011,17/04/2020,,N,S,
133,00029070,EMPAQ CULATA TOY HILUX 2.5 2KDFTV KUN 2.5         ,31/01/2018,06/08/2022,,N,S,
134,00029071,EMPAQ CULATA TOY HILUX 2.7 2TRFE TW                                                                 ,,,,,,
135,00029073,EMPAQ CULATA TOY HILUX 22R JP 93/97               ,24/01/2012,23/07/2022,,N,S,
136,00029074,EMPAQ CULATA TOY HILUX 2RZFE/3RZ 98/2004          ,01/07/2011,06/09/2018,,,N,
137,00029075,EMPAQ CULATA TOY TERCEL 5E 95/96 C/DISTRIBUIDOR   ,26/09/2013,11/01/2016,,N,N,
138,00029077,EMPAQ CULATIN FIAT 125/132 ARGENTA                                                                  ,24/05/2013,18/04/2018,,N,N,
139,00029096,EMP CULATA PEUG 404 1.6 / 504 1.8                 ,,11/08/2021,,N,,
140,00029197,EMPAQ MULT ADM CHEV MONZA TW                                                                        ,,,,,,
141,00029201,EMPAQ MULT ADM DAIH APLAUSSE TW                                                                     ,,23/04/2016,,N,N,
142,00029202,EMPAQ MULT ADM DAIH G20 850/1000 V3-2                                                               ,22/04/2016,17/01/2022,,N,,
143,00029203,EMPAQ MULT ADM MIT LANCER 1.5 92/96               ,10/12/2020,10/12/2020,,N,N,
144,00029204,EMPAQ MULT ADM DAIHATSU 1.3                                                                         ,,,,,,
145,00029207,EMPAQ MULT ADM ESC LADA 2104/05/06/07             ,02/12/2011,26/06/2018,,N,,
146,00029208,EMPAQ MULT ADM ESC NISSAN 140Y                                                                      ,,29/07/2013,,N,,
147,00029209,EMPAQ MULT ADM ESC NISSAN 150Y                    ,25/09/2018,21/09/2018,,N,N,
148,00029211,EMPAQ MULT ADM FIAT 1.1 PTO/SM                                                                      ,15/09/2015,07/09/2016,,N,,
149,00029212,EMPAQ MULT ADM FIAT 125                           ,13/07/2011,06/03/2018,,N,N,
150,00029215,EMPAQ MULT ADM HYUN ACCENT PRIME                  ,02/03/2019,19/05/2020,,N,,
151,00029216,EMPAQ MULT ADM HYUN ELANTRA 1.6/1.8 96/99         ,13/01/2014,17/01/2015,,N,N,
152,00029217,EMPAQ MULT ADM HONDA CIVIC 1.6 89/95              ,,20/02/2016,,N,N,
153,00029218,EMPAQ MULT ADM HYUNDAY EXCEL 1.3 CON INYEC        ,23/11/2011,02/03/2020,,N,,
154,00029220,EMPAQ MULT ADM KIA 3.5 K2-9074                                                                      ,,18/11/2020,,N,,
155,00029222,EMPAQ MULT ADM KIA FRONTIER 3.0CC                                                                   ,,12/12/2015,,N,,
156,00029225,EMPAQ MULT ADM NISSAN /92 14035W1500                                                                ,,24/07/2017,,N,,
157,00029226,EMPAQ MULT ADM NISSAN 93/                                                                           ,,,,,,
158,00029227,EMPAQ MULT ADM NISSAN BLUE BIRD                                                                     ,,,,,,
159,00029228,EMPAQ MULT ADM NISSAN E15-E13 SUNNY               ,11/06/2015,01/06/2019,,N,N,
160,00029229,EMPAQ MULT ADM NISSAN E16 SUNNY/SENTR                                                               ,,28/05/2016,,N,,
161,00029230,EMPAQ MULT ADM/ESC NISSAN J15/16/18               ,01/08/2014,08/10/2022,,N,N,
162,00029231,EMPAQ MULT ADM NISSAN TERRANO II 93/99            ,08/07/2013,12/10/2016,,N,,
163,00029232,EMPAQ MULT ADM NISSAN V16 GA14DS                  ,,03/01/2018,,N,,
164,00029233,EMPAQ MULT ADM-ESC 16V TERIOS FEROZA CHARADE      ,05/12/2013,22/07/2020,,N,,
165,00029234,EMPAQ MULT ADM OPEL ASTRA 1.6                                                                       ,,05/04/2012,,N,,
166,00029235,EMPAQ MULT ADM OPEL ASTRA MONOPUNTO                                                                 ,,,,,,
167,00029237,EMPAQ MULT ADM OPEL CORSA 1.6 16V 1995                                                              ,10/11/2016,03/04/2017,,N,N,
168,00029238,EMPAQ MULT ADM OPEL CORSA DIESEL                                                                    ,,29/10/2014,,N,,
169,00029239,EMPAQ MULT ADM SUZUKI BALENO/VITARA               ,28/11/2019,29/11/2019,,N,N,
170,00029241,EMPAQ MULT ADM SUZ FRONTE 800 81400102            ,21/03/2018,27/06/2019,,N,N,
171,00029246,EMPAQ MULT ADM TOY TERCEL 2E/3E                   ,14/06/2013,10/02/2020,,N,N,
172,00029299,EMPAQ TAPA VALV MEDIA LUNA NIS BLUEBIRD 1.8 80/83 ,18/10/2013,06/03/2019,,N,N,
173,00029301,EMPAQ TAPA VALV DAIH CHARADE/ASIA TOWNER          ,14/09/2016,17/10/2020,,N,,
174,00029305,EMPAQ TAPA VALV FIAT 125                          ,06/07/2012,05/07/2018,,N,N,
175,00029306,EMPAQ TAPA VALV FIAT 128-RITMO 1100-1300                                                            ,,,,,,
176,00029308,EMPAQ TAPA VALV FIAT STRADA /FIOR 1.7             ,01/07/2011,23/09/2017,,N,N,
177,00029309,EMPAQ TAPA VALV FIAT PTO 1.4/1.6 GT 1.4                                                             ,,21/07/2016,,N,,
178,00029311,EMPAQ TAPA VALV HY H100D/H1/GALLOPER/L200         ,02/08/2013,22/02/2019,,N,N,
179,00029315,EMPAQ TAPA VALV KIA K 2.4 CERES 2.2CC             ,10/09/2013,19/12/2017,,N,N,
180,00029316,EMPAQ TAPA VALV LADA GOMA 1.2/1.5/1.6                                                               ,,,,,,
181,00029317,EMPAQ TAPA VALV LADA SAMARA 1.3/1.5                                                                 ,,,,,,
182,00029320,EMPAQ TAPA VALV MIT LANCER HYUN EXCEL             ,27/01/2021,09/10/2021,,N,N,
183,00029322,EMPAQ TAPA VALV NISSAN CD20 C23 DIESEL                                                              ,,30/07/2019,,N,,
184,00029323,EMPAQ TAPA VALV NISSAN J13/15/18  A12/13          ,01/07/2011,22/06/2020,,N,N,
185,00029325,EMPAQ TAPA VALV NISSAN LD20                       ,10/09/2013,04/07/2015,,N,N,
186,00029327,EMPAQ TAPA VALV OPEL CORSA 1.6 16V                                                                  ,,01/06/2013,,,N,
187,00029329,EMPAQ TAPA VALV OPEL CORSA 1.6CC JGO 2)                                                             ,,02/06/2015,,N,,
188,00029337,EMPAQ TAPA VALV TOY HILUX/HIACE 1Y-2Y-3Y 84/92    ,28/11/2018,10/01/2019,,N,N,
189,00029338,EMPAQ TAPA VALV TOY 18R 2C 2.0CC                                                                    ,,11/03/2021,,N,,
190,00029339,EMPAQ TAPA VALV TOY 22R 94/97 2WD-4WD             ,22/02/2018,09/03/2021,,N,N,
191,00029340,EMPAQ TAPA VALV TOY DYNA DELTA 3.0                ,07/08/2013,09/08/2013,,N,,
192,00029341,EMPAQ TAPA VALV TOY HILUX 1C-2C                                                                     ,,16/12/2022,,N,,
193,00029342,EMPAQ TAPA VALV TOY HILUX 22RE                    ,25/01/2016,24/10/2022,,N,N,
194,00029345,EMPAQ TAPA VALV TOY TERCEL 2E/3E JPCOROLLA 1.6    ,05/10/2013,12/10/2013,,N,N,
195,00029346,EMPAQ TAPA VALV TOY DYNA 11B/14B                  ,31/03/2014,06/03/2012,,N,N,
196,00031134,EMPAQ TAPA VALVUL DAEWOO TICO/DAMAS                                                                 ,,29/03/2016,,N,,
197,00031923,EMPAQ CULATA FORD RANGER 2.8 99/00                ,20/08/2013,22/08/2013,,N,,
198,00031931,EMPAQUET CULATA HYU ACC 1.5 DIESEL 02/06 MATRIX 1.,27/06/2013,29/07/2016,,N,,
199,00032732,EMPAQ CULATA KIA RIO II 1.5                       ,14/01/2023,,,N,N,
200,00033962,GOMA EMPAQ 1/16 1.59MM C/TELA                                                                       ,17/01/2020,17/01/2020,,N,N,
201,00033963,GOMA EMPAQ 1/16 1.59MM S/TELA                                                                       ,,09/07/2019,,N,N,
202,00033964,GOMA EMPAQ 1/8 3.17MM C/TELA                                                                        ,18/01/2012,24/11/2014,S,N,N,
203,00033965,GOMA EMPAQ 1/8 3.17MM S/TELA                                                                        ,11/08/2018,16/08/2018,,N,,
204,00033966,GOMA EMPAQ 1/4 6.35MM C/TELA                                                                        ,18/01/2012,06/01/2015,S,N,N,
205,00033967,GOMA EMPAQ 1/4 6.35MM S/TELA                                                                        ,11/08/2018,29/01/2021,,N,,
206,00033968,GOMA EMPAQ 5/16 7.93MM C/TELA                                                                       ,,06/02/2013,,N,,
207,00033969,GOMA EMPAQ 5/16 7.93MM S/TELA                                                                       ,,,,,,
208,00033970,GOMA EMPAQ 3/8 9.52MM C/TELA                                                                        ,,,,,,
209,00033971,GOMA EMPAQ 3/8 9.52MM S/TELA                      ,21/09/2015,16/09/2015,,N,,
210,00033972,GOMA ESPONJA 05X10                                                                                  ,,,,N,N,
211,00033973,GOMA ESPONJA 05X30                                                                                  ,,,,,,
212,00033974,GOMA ESPONJA 05X40                                                                                  ,,03/07/2020,,N,N,
213,00033975,GOMA ESPONJA 05X50                                                                                  ,,,,,,
214,00033976,GOMA ESPONJA 06X25                                                                                  ,,,,N,N,
215,00033977,GOMA ESPONJA 06X30                                                                                  ,,29/11/2014,,N,,
216,00033978,GOMA ESPONJA 06X38                                                                                  ,,,,,,
217,00033979,GOMA ESPONJA 06X40                                                                                  ,,,,N,N,
218,00033980,GOMA ESPONJA 10X10                                                                                  ,,,,,,
219,00033981,GOMA ESPONJA 10X15                                                                                  ,,,,,,
220,00033982,GOMA ESPONJA 10X20                                ,,19/08/2014,,N,,
221,00033983,GOMA ESPONJA 10X25                                                                                  ,06/08/2014,07/08/2014,,N,,
222,00033984,GOMA ESPONJA 10X30                                                                                  ,05/01/2016,05/01/2016,,N,,
223,00033985,GOMA ESPONJA 10X38                                                                                  ,,,,,,
224,00033986,GOMA ESPONJA 10X40                                ,29/11/2018,25/06/2021,,N,,
225,00033987,GOMA ESPONJA 10X50                                ,21/03/2019,04/06/2021,S,N,,
226,00033988,GOMA ESPONJA 10X60                                ,,15/02/2012,,N,,
227,00033989,GOMA ESPONJA 10X70                                                                                  ,,,,,,
228,00033990,GOMA ESPONJA 12X20                                                                                  ,,,,,,
229,00033991,GOMA ESPONJA 12X25                                                                                  ,,,,,,
230,00033992,GOMA ESPONJA 12X38                                                                                  ,,,,,,
231,00033993,GOMA ESPONJA 12X50                                                                                  ,,,,,,
232,00033994,GOMA ESPONJA 14X20                                                                                  ,,,,,,
233,00033995,GOMA ESPONJA 15X150                                                                                 ,,,,,,
234,00033996,GOMA ESPONJA 18X35                                                                                  ,,,,,,
235,00033997,GOMA ESPONJA 20X20                                                                                  ,,,,,,
236,00033998,GOMA ESPONJA 20X25                                                                                  ,,11/03/2013,,N,,
237,00033999,GOMA ESPONJA 20X38                                                                                  ,15/05/2012,,,N,,
238,00034000,GOMA ESPONJA 20X40                                                                                  ,,11/03/2013,,N,,
239,00034001,GOMA ESPONJA 20X50                                ,25/11/2019,09/12/2021,,N,,
240,00034002,GOMA ESPONJA 20X51                                                                                  ,,,,,,
241,00034003,GOMA ESPONJA 25X25                                                                                  ,,20/01/2017,,N,,
242,00034004,GOMA ESPONJA 25X30                                                                                  ,,07/04/2016,,N,,
243,00034005,GOMA ESPONJA 25X38                                                                                  ,,,,,,
244,00034006,GOMA ESPONJA 25X70                                                                                  ,,,,,,
245,00034007,GOMA PISO ESTOPEROL 1.00M (20 MTSX ROLLO)         ,13/12/2022,02/02/2023,S,N,S,N
246,00034008,GOMA PISO ESTRIA FINA 3MMX1.0MT                   ,10/10/2020,02/06/2022,S,N,N,
247,00034009,GOMA PISO ESTOPEROL 1.50 MT                       ,06/12/2016,05/06/2021,S,N,N,N
248,00034010,GOMA PISO ESTOPEROL NEG 3MM X 1.60 MT             ,10/02/2022,11/02/2022,S,N,,
249,00034011,GOMA PISO ESTRIADO 1.00 MT ANCHO (20MTS ROLLO)    ,13/12/2022,25/01/2023,S,N,N,N
250,00034012,GOMA PISO ESTRIADO 1.30 MT ANCHO (ROLLO 20MTS)                                                      ,,,S,,,
251,00034964,VINILICO C/LINEA 1 MT.                                                                              ,,,S,,,
252,00034965,VINILICO C/TOPEROL LENT. 1 MT.                                                                      ,,,S,,,
253,00034966,VINILICO C/TOPEROL LENT. 1.20 MT                                                                    ,,,S,,,
254,00034967,VINILICO C/TOPEROL RED. 1 MT.                                                                       ,,,S,,,
255,00034968,VINILICO C/TOPEROL RED. 2 MT                                                                        ,,,S,,,
256,00035373,EMPAQ TAPA VALV NISSAN SUNNY SENTR V16 T/ROJA     ,20/03/2014,21/03/2022,,N,N,
257,00035413,EMPAQ TAPA VALV HYUN ACCENT DOHC M-LUNA           ,03/09/2014,31/08/2019,,N,N,
258,00035444,EMPAQ CARTER KIA PRIDE POP                        ,15/06/2016,11/07/2016,,N,N,
259,00035445,EMPAQ CULATA KIA FRONT PREGIO 2.7 KO GRAF         ,03/03/2022,03/05/2022,S,N,N,
260,00035446,EMPAQ CULATA KIA POP PRIDE ORIG                   ,01/07/2011,13/10/2016,,N,S,
261,00035449,EMPAQ TAPA VALV LUV D-MAX 3.0                     ,27/05/2011,,,,,
262,00035479,EMPAQ TAPA VALV HYUN ACCENT PRIME DIESEL          ,01/07/2011,05/12/2019,,N,N,
263,00035480,EMPAQ TAPA VALV HYUN H100 DIESEL                  ,05/06/2020,05/07/2022,,N,N,
264,00035486,EMPAQ MULT ADM LUV 1.6 1.8 G161Z G180Z G200Z      ,01/08/2012,22/03/2019,,N,N,
265,00035697,EMPAQ CULATA KIA RIO 1.5 ASBESTO                  ,27/05/2011,14/09/2016,,N,,
266,00035777,EMPAQ TAPA VALV NISSAN D21 Z20                    ,01/07/2011,23/08/2017,,N,N,
267,00035805,EMPAQ CULATA FIAT  1.40MM TARANTO                 ,15/03/2013,15/07/2013,,N,,
268,00035845,EMPAQ CULATA FIAT 600 0.8mm ITALIA                ,27/05/2011,02/06/2012,,,,
269,00035846,EMPAQ CULATA FIAT FIORI 1.7 2.40 DIESEL NACIONAL  ,29/02/2012,08/03/2014,,N,,
270,00035848,EMPAQ CULATA FIAT 147-FURA 850 CC ITALIA          ,04/09/2012,19/10/2016,,N,S,
271,00035925,EMPAQ CULATA KIA RIO 1.3 00/02                    ,28/03/2013,27/04/2017,,N,N,
272,00035994,EMP TAPA VALVULA KIA SEPHIA 1.5                   ,01/07/2011,10/04/2018,,N,N,
273,00036065,EMPAQ CULATA HYUN ACCENT 1.4 4GEE                 ,14/09/2022,19/02/2014,,N,,
274,00036156,EMPAQ CULATA NISSAN FD 42/46                      ,31/01/2012,02/02/2012,,N,,
275,00036261,JUEGO EMPAQ MOT S/CULATA FIAT STRADA/FIOR 1.7 DIES,01/07/2011,17/12/2019,,N,S,
276,00036263,EMPAQ TAPA VALV FIAT TIPO/PALIO 1.4/1.6 PUNTO     ,28/09/2015,04/04/2017,,N,N,
277,00036264,EMPAQ CARTER FIAT FIO 89/92 1.3 PALIO             ,15/12/2011,08/03/2018,,N,N,
278,00036281,EMPAQ CARTER FIAT FIO 1.7 DIESEL                  ,12/01/2012,29/05/2017,,,N,
279,00036378,EMPAQ CULATA LUV 1.6 4ZA1 PERU                    ,17/03/2015,19/06/2018,,N,N,
280,00036380,EMPAQ MULT ADM LUV 2.2                            ,01/07/2011,,,,N,
281,00036383,EMPAQ MULT ADM HYUN ACCENT PRIME                  ,01/07/2011,07/09/2016,,,N,
282,00036386,EMPAQ CULATA TOY 1C DIESEL                        ,02/02/2012,01/02/2021,,N,S,
283,00036389,EMPAQ CULATA NISSAN D22 TERRANO YD25              ,25/10/2018,23/10/2018,,N,N,
284,00036428,EMPAQ MULT ADM HYUN MIGHTY                        ,13/01/2014,06/03/2015,,N,N,
285,00036430,EMPAQ CARTER HYUN MIGHTY D4AL/AE                  ,01/07/2011,,,,N,
286,00036433,EMPAQ CARTER HYUN ELANTRA 96/99                   ,01/07/2011,,,,N,
287,00036435,EMPAQ MULT ADM HYUN TERRACAN/CARNIVAL 2.9         ,01/07/2011,,,,N,
288,00036547,EMPAQ CARTER FIAT 147/1050/1.3/FIOR 81/88         ,08/09/2015,07/09/2015,,N,N,
289,00036971,EMP TAPA VALV MIT MOTOR 4M40 T DELICA PAJERO      ,03/09/2019,05/09/2019,,N,N,
290,00036995,EMP CARTER KIA BESTA 2.2/MAZDA B2000 FE           ,,02/04/2019,,N,,
291,00037130,EMPAQ CULATA HYUN H100 2.4 DIESEL 1.55 MM         ,09/08/2011,04/05/2012,,,,
292,00037141,EMP CULATA PEUG 206                               ,28/03/2016,02/12/2017,,N,S,
293,00037380,EMP CULATA PEUG 306 1.6 /XR 206 1.6 SW/XT C1.6 8 V,26/07/2018,25/07/2018,,N,,
294,00037488,EMPAQ CULATA HYUN EXCEL 1.5                       ,29/09/2011,17/01/2012,,,,
295,00037546,EMPAQ TAPA VALV CHEV S10 APACHE                   ,,03/08/2019,,N,,
296,00037547,EMPAQ MULT ADM CHEV S10 APACHE                    ,,14/09/2011,,,,
297,00037548,EMPAQ CULATA CHEV S10 APACHE                      ,,14/09/2011,,,,
298,00037569,EMPAQ TAPA VALV MITS GALANT                       ,,15/09/2011,,,,
299,00037579,JUEGO EMPAQ MOT NISSAN D22 YD25 EMPAQ CUL 0.92    ,03/03/2018,15/03/2022,,N,S,
300,00037629,EMPAQ CULATA NISSAN V16 GA14 1.4                  ,24/10/2013,02/09/2014,,N,N,
301,00037667,EMPAQ CULATA HYUN SONATA 2.0 16VAL 2002/2005 TRAJE,29/09/2011,01/09/2020,,N,,
302,00037670,EMPAQ MULT ADM HY SONATA 92/95 L200 2.0/2.4       ,10/11/2014,24/06/2016,,N,,
303,00037674,EMPAQ TAPA VALV HYUN ACCENT PRIME 16VALV          ,29/09/2011,20/08/2021,,N,,
304,00037675,EMPAQ TAPA VALV HYUN ELANTRA 96/00                ,03/08/2016,03/08/2016,,,N,
305,00037701,EMPAQ CULATA KIA BESTA 2.2    2 MUESCAS           ,30/05/2012,14/12/2013,,N,,
306,00037824,EMPAQ CULATA HONDA ACCORD                         ,04/05/2012,04/05/2012,,N,N,
307,00037892,EMPAQUETADURA CULATA 1.00MM                       ,26/01/2019,25/03/2013,,N,S,
308,00037910,EMP CULATA TOY COROLLA 1.2 3K                     ,04/06/2014,31/07/2015,,N,,
309,00037922,EMPAQ CULATA KIA FRONTIER 3.0                     ,20/11/2018,18/11/2020,,N,N,
310,00038072,EMPAQ CARTER MITS GALANT/L200-300                 ,17/03/2021,18/03/2021,,N,N,
311,00038274,EMPAQ CARTER PEUG BOXER                           ,04/11/2011,21/01/2016,,N,,
312,00038314,EMPAQ CULATA NISSAN SD23 METAL USA                ,23/10/2015,04/01/2019,,N,N,
313,00038373,EMPAQ TAPA VALV SUZUKI FRONTE 550/800/MARUTI JP   ,13/03/2020,29/07/2020,,N,,
314,00038689,EMPAQUETADURA CUELLO CARTER SUZ GRAN MOVE         ,19/11/2011,19/11/2011,,N,,
315,00038695,EMPAQ CULATA TOY COROLLA 1.5 91/95                ,02/09/2020,03/09/2020,,N,N,
316,00038743,EMPAQ CULATA SUB LEGACY 1.8 EJ18 INY JP           ,22/10/2022,07/02/2023,,N,S,
317,00038744,EMPAQ MULT ADM SUBARU LEGACY TW                   ,19/07/2018,,,N,N,
318,00038749,EMPAQ CULATA HYUN EXCEL/MITS LANCER 1.3-1.5 TW    ,16/08/2018,02/05/2019,,N,N,
319,00038784,EMPAQ CULATA NISSAN D21/LD20 2MM                  ,10/02/2016,26/10/2021,,N,N,
320,00038829,EMP CULATA MAZDA B1600 626 1.6 79/82              ,07/01/2014,,,N,N,
321,00038832,EMPAQ CULATA METALICA KIA SEPHIA                  ,30/08/2013,21/11/2013,,N,N,
322,00039067,EMPAQ CULATA HONDA CIVIC 1.5-1.6 D16Y TOTO.       ,15/06/2018,05/07/2021,,N,N,
323,00039070,EMPAQ CULATA NISSAN QD32 JP                       ,05/02/2014,30/09/2016,,N,N,
324,00039121,EMPAQ CARTER PEUG PARTNER 1.8                     ,07/12/2011,16/12/2011,,N,,
325,00039130,EMPAQ CULATA HY ACCENT 1.3 96-99 VKR              ,09/12/2011,30/11/2013,,N,,
326,00039249,EMPAQ CULATA KIA RIO 03/06                        ,15/09/2016,30/12/2019,,N,N,
327,00039259,EMPAQ TAPA VALVULA NISSAN CD17                    ,14/12/2011,01/06/2015,,N,,
328,00039279,EMPAQ TAPA VALV SUB OUTBACK 2.5 EJ25D             ,06/09/2016,,,N,N,
329,00039288,EMPAQUETADURA TAPA VALVULA -NISSAN DIESEL         ,17/10/2018,17/10/2018,S,N,N,
330,00039439,EMP CULATA DERECHA CHEV/ISUZ LUV 3.2 97/06 TROOPER,21/01/2012,21/10/2022,,N,,
331,00039464,EMPAQ CUL NISSAN SENTRA/V16 T/CAM                 ,22/12/2011,11/05/2012,,,,
332,00039465,EMPAQ CUL KIA 35020 2.0MM                         ,22/12/2011,02/06/2012,,,,
333,00039466,EMPAQ CULATA FIAT 1.7 DIESEL                      ,29/02/2012,28/06/2017,,N,,
334,00039505,EMP CULATA RENAULT KANGOO 1.9 98/08 DIESEL        ,26/02/2016,21/03/2019,,N,N,
335,00039848,EMPAQ MULTIPLE ADM SUBARU OUTBACK                 ,10/01/2012,,,,N,
336,00039864,EMPAQ TAPA VALV RH SUBARU OUTBACK                 ,10/01/2012,,,,N,
337,00039865,EMPAQ TAPA VALV LH SUBARU OUTBACK                 ,06/09/2016,,,,N,
338,00039989,EMPAQ CUL FIAT BRAVO 1.6                          ,02/04/2013,03/04/2013,,N,,
339,00040053,EMPAQUETADURA TAPA VALV SUNNY 1.3-1.5/PULSAR JP   ,16/01/2012,15/09/2020,,N,,
340,00040146,EMPAQ CUL CRYSLER CARAVAN 2.4 USA                 ,19/01/2012,,,N,,
341,00040147,EMPAQ MULT ADM CRYSLER NEON 95/99 USA             ,19/01/2012,,,N,,
342,00040205,EMPAQ CULATA KIA BESTA 2.7 VN                     ,29/07/2014,29/03/2016,,N,,
343,00040355,EMPAQ CULATA TOY YARIS 99--> 1-2NZFE              ,28/02/2015,18/04/2016,,N,N,
344,00040498,EMPAQ CULATA  SUBARU LEONE 1.6                    ,21/02/2014,05/04/2016,,N,,
345,00040567,EMPAQ TAPA VALV CRYSLER CARAV/GALOPER II          ,01/02/2012,22/04/2015,,N,,
346,00040583,EMP CULATA KIA 2.2 CH                             ,16/09/2014,14/03/2016,,N,N,
347,00040584,EMP CULATA KIA 2.2 TW                             ,10/10/2020,16/10/2020,,N,N,
348,00040800,EMPAQ CULATA MADZA T3000 TW                       ,,03/08/2016,,N,,
349,00040867,EMPAQ CULATA HONDA CIVIC 1.3-1.5 JP               ,05/09/2019,06/09/2019,,N,N,
350,00040967,EMPAQ CULATA PEUGEOT 405 ELD P 405 ITALIA         ,16/02/2012,03/01/2017,,N,,
351,00041004,CULATA MOTOR C/GUIAS KIA BESTA                    ,08/08/2013,09/08/2013,,N,,
352,00041016,EMPAQ CULATA H100 BENC/SONATA 2.4 L200 2.4        ,01/04/2014,30/08/2014,,N,N,
353,00041083,EMPAQ CULATA TOY DYNA 3.0 B BU83 DIESEL TW        ,,14/08/2012,,,,
354,00041160,EMPAQ MULT ADM SUZ BALENO G16B                    ,18/07/2017,23/06/2022,,N,N,
355,00041309,EMP CULATA HONDA ACCORD 2.0 97/01                 ,20/01/2014,21/01/2014,,N,N,
356,00041374,EMPAQ CULATA VW GOLF A3                           ,01/03/2012,20/02/2019,,N,N,
357,00041375,EMPAQ TAPA VALV VW GOLF ALTA                      ,01/03/2012,,,,N,
358,00041420,EMPAQ CULATA LUV 2.3 4ZD1 JP                      ,01/10/2020,12/10/2021,,N,,
359,00041441,EMPAQ CULATA LADA SAMARA 2106                     ,11/04/2014,15/04/2014,,N,,
360,00041477,EMPAQ CULATA OPEL ASTRA 1.4/COMBO 1.4/CORSA 1.4   ,07/12/2019,22/08/2020,,N,,
361,00041553,EMPAQUETADURA CULATA TARANTO 1.86mm 2/ran.        ,06/03/2012,,,N,,
362,00041589,EMPAQUETADURA CULATA TOY DYNA                     ,08/03/2012,,,N,,
363,00041670,EMPAQ CULATA CORSA/COMBO 1.7 (1.4 MM.)            ,19/10/2015,25/06/2020,,N,N,
364,00041671,EMPAQ CULATA CORSA/COMBO 1.7 (1.5 MM )            ,06/08/2015,11/01/2016,,,N,
365,00041855,EMPAQ MULT ADMISION HONDA CIVIC 1.6/1.3           ,07/03/2018,08/03/2018,,N,N,
366,00041996,EMPAQUETADURA CULATA MET CARNIVAL 2.5             ,15/03/2016,17/03/2016,,,N,
367,00042000,EMPAQUETADURA CULATA TOY HYLUX 2.4 22R            ,11/06/2019,13/06/2019,,N,N,
368,00042002,EMPAQUETADURA CULATA TOY HYLUX 2.4 22RE           ,08/10/2020,19/10/2016,,N,,
369,00042006,EMPAQ CULATA KIA BESTA GRAND 3.0/FRONTIER 3.0     ,13/06/2022,31/08/2022,S,N,N,
370,00042125,EMPAQ CULATA KIA FRONTIER/PREGIO 3.0              ,31/05/2016,18/08/2016,,N,N,
371,00042127,EMPAQ MULT ADM KIA FRONTIER/PREGIO                ,23/03/2012,04/06/2012,,,N,
372,00042208,EMPAQ MULT ADM MAZDA 929                          ,26/03/2012,27/03/2012,,,N,
373,00042645,EMP CULATA DAEWOO RACER/HEAVEN SOHC 8V            ,20/12/2022,11/01/2019,,N,S,
374,00042885,EMPAQUETADURA DE CULATA HONDA ACCORD 1.6          ,21/04/2012,,,,S,
375,00042904,EMPAQ CARTER CHEV GEO/ SUZ FORZA/SWIFT 1000       ,11/01/2016,,,N,,
376,00042930,EMPAQ CULATA TOY YARIS 1.3 1.5 METAL              ,23/02/2022,27/07/2022,S,N,N,
377,00042945,EMPAQUETADURA CULATA NS D22 D25                   ,05/08/2013,17/12/2013,,,N,
378,00042964,EMP CULATA TOY TERCEL 93/99 S/DIST                ,25/04/2012,13/02/2013,,,N,
379,00043025,EMPAQ CULATA SIN ASBESTO ASIA TOPIC               ,04/05/2012,17/04/2013,,N,,
380,00043073,EMPAQ CARTER HYSONATA 2.0 88/98 L200 85/93        ,15/05/2012,07/02/2015,,N,,
381,00043118,EMPAQUETADURA CULATA GRUA HORQUILLA NISSAN        ,16/05/2012,14/10/2015,,N,,
382,00043187,EMPAQUETADURA CULATA ISUZU TROOPER 3.1            ,20/02/2014,,,,N,
383,00043208,EMP. CULATA NISSAN J-18                           ,30/05/2012,27/01/2015,,N,,
384,00043215,EMP. CULATA 4HF1 NEW 1999 1.45MM                  ,04/03/2013,27/11/2013,,N,,
385,00043233,EMP CARTER SUP K25-9006K HON/KIA                  ,31/05/2012,01/06/2012,,N,,
386,00043234,EMP CARTER INFERIOR K3500SL KIA                   ,31/05/2012,29/08/2012,,N,,
387,00044108,EMP CULATA ILLINOIS FIAT BRAVO 1.6                ,28/05/2019,28/05/2019,,N,,
388,00044252,EMPAQ CARTER SUBARU 600 CP2-2252/41160-1300       ,14/03/2014,15/01/2019,,N,N,
389,00044519,EMP CULATA SSANG ACTYON 2.0 DIESEL D20T           ,03/03/2017,17/03/2017,,N,S,
390,00044614,EMPAQ CULATA OPEL COM 1.7 03/00.                  ,14/06/2013,18/06/2013,,,N,
391,00044615,EMPAQ TAPA VALV OPEL COMBO 1.7 00/03              ,14/06/2013,,,,N,
392,00044662,EMPAQ CULATA ALMERA 1.6 96/99                     ,09/03/2015,29/06/2017,,N,N,
393,00044722,EMPAQ CULATA TOY DYNA 3.0 DIESEL 88/95            ,01/07/2013,04/08/2022,,N,N,
394,00044763,EMPAQ TAPA VALV OPEL COMBO DIESEL 97/02           ,05/07/2013,,,,N,
395,00044766,EMPAQ CULATA TOY DYNA 3.4 95/00                   ,05/07/2013,09/07/2013,,,N,
396,00047908,EMPQ DE CULATA TOY 2C METALICA                    ,22/04/2013,23/05/2013,,N,,
397,00047915,EMPAQUETADURA CULATA TY YARIS NCP12               ,02/05/2012,,,,N,
398,00047916,EMPAQ TAPA VALVULA TOY YARIS 1.3/1.5              ,28/09/2022,24/12/2022,,N,N,
399,00047923,EMPAQ TAPA VALV HYUN ELANTRA 92/94 1.6            ,03/05/2012,03/05/2012,,,,
400,00047946,EMPAQ CULATA KIA CERAT0 07/12 ELANTRA 07/13 SOUL/A,22/11/2016,18/07/2019,,N,N,
401,00047977,EMPAQUETADURA CULATA NS TERRANO 2.5               ,08/05/2012,21/11/2012,,,N,
402,00048007,EMPAQUETADURA TAPA VALVULA DAEWOO HEAVEN          ,08/05/2012,01/09/2016,,N,N,
403,00048082,EMPAQ TAPA VALV DAEWOO LANOS 1.5 98/03            ,27/04/2016,11/01/2017,,,N,
404,00048102,EMPAQUETADUTA CULATA 2.40MM FIAT FIORINO 1.7 DIESE,14/05/2012,16/05/2012,,,N,
405,00048291,EMPAQ TAPA VALVULA TOY TERCEL 94/95               ,28/05/2012,29/09/2020,,N,N,
406,00048367,EMP MULT ADM DAIH G20/G10/GIRO 1000/HIJET/A.TWNER ,23/07/2014,24/05/2018,,N,,
407,00048413,EMPAQUETADURA CULATA HY SONATA KIA MAGENTIS 2.0   ,08/06/2012,12/06/2012,,,N,
408,00048418,EMPAQ CULATA TOY HILUX 12R 1.6 73/83              ,28/01/2013,,,N,,
409,00048439,EMPAQUETADURA CULATA KIA K3500/K3600/K4000        ,11/06/2012,04/12/2013,,,N,
410,00048515,EMPAQ CARTER G20 G10                              ,16/06/2012,30/06/2017,,N,,
411,00048560,EMPAQ TAPA VALV HYUN H100/GALLOPER/MIT L200       ,10/09/2019,06/06/2022,,N,N,
412,00048659,EMPAQUETADURA CULATA TY COROLLA 03/08             ,27/06/2012,24/06/2022,,,S,
413,00048926,EMPAQ CULATA FIAT PALIO 1.3 EX-ELX                ,29/01/2018,12/08/2016,,N,,
414,00049036,EMPAQUETADURA CULATA HY SONATA                    ,31/07/2012,12/09/2019,,,N,
415,00049070,EMPAQ TAPA VALV NISSAN 620/720 J13- J15           ,17/04/2018,06/02/2015,,N,N,
416,00049222,EMPAQUETADURA TAPA VALVULA HON CIVIC 1.3/1.5      ,20/12/2022,06/11/2012,,N,N,
417,00049583,EMPAQ CARTER CORTO AVELLA                         ,05/03/2014,06/03/2014,,,N,
418,00049584,EMPAQ CARTER LARGO AVELLA                         ,06/09/2012,06/09/2012,,,,
419,00049775,EMPAQ CULATA D4DA-DB                              ,01/06/2017,13/09/2012,,N,S,
420,00050015,EMPAQUETADURA MULTIPLE ADM DAIH CHARMANT 1.4/1.6 T,14/05/2018,01/08/2018,,N,N,
421,00050026,EMPAQUETADURA CULATA TY COROLLA 1.8 DIESEL 82/89  ,27/09/2012,,,,S,
422,00050126,EMPAQUETADURA CULATA HY NEW ACCENT 1.5 CRDI 05/   ,22/08/2015,24/04/2015,,,S,
423,00050267,EMPAQ CULATA SUBARU FORESTER 2000 EJ202 99/02     ,25/04/2019,02/05/2019,,N,N,
424,00050323,EMPAQ CULATA TOY COROLLA 1.6 4AGE 85/88           ,21/09/2015,22/09/2015,,N,N,
425,00050478,EMPAQ CULATA HYU NEW ACCENT PRIME 1500 DIESEL 2006,10/09/2022,25/10/2022,,N,,
426,00050933,EMPAQUETADURA CULATA FIAT FIORINO 1.7 2MC         ,01/09/2014,17/12/2019,,,S,
427,00051009,EMPAQ CULATA HYUNDAI FURGON  DIESEL 96/2003       ,,29/10/2012,,N,,
428,00051244,EMPAQUETADURA CULATA FIAT TEMPRA 1.6              ,06/11/2012,22/08/2020,,,S,
429,00051297,EMPAQUETADURA TAPA VALVULA  ECLAIR                ,07/07/2016,,,N,N,
430,00051413,EMPAQ MULTIPLE ADM TOY TERCEL 3E                  ,28/05/2020,05/09/2020,,N,N,
431,00051518,EMPAQUETADURA CULATA NS TERRANO 3.0 03/06         ,15/11/2012,,,,S,
432,00051715,EMPAQ CARTER DAEW RACER/POINTER                   ,04/05/2017,23/09/2021,,N,N,
433,00052801,EMPAQUETADURA CULATA KIA FRONTE                   ,24/12/2012,02/09/2016,,,N,
434,00052829,EMPAQUETADURA CULATA PG PARTNER/BOXER/BRLINGO 1.9 ,02/08/2018,31/07/2018,,N,N,
435,00052968,EMPAQUETADURA MULTIPLE ADM VW GOLF 2.0            ,05/01/2013,,,,N,
436,00052969,EMPAQUETADURA MULTIPLE ADM VW SAVEIRO GOL         ,05/01/2013,04/08/2015,,N,N,
437,00053076,EMPAQUETADURA TAPA VALVULA NS D21 2.0/2.4         ,07/01/2013,02/12/2021,,N,N,
438,00053077,EMPAQUETADURA TAPA VALVULA NS 2.4                 ,14/02/2017,29/06/2016,,N,N,
439,00053088,EMPAQUETADURA CULATA TY HILUX 22RE 94/97          ,08/01/2013,22/02/2014,,,N,
440,00053377,EMPAQ CULATA CHV C1500 SILV/TAHOE4.3 V6           ,18/01/2013,10/10/2017,,N,N,
441,00053427,EMPAQ CULATA KIA SPORTAGE 2.0   03/04             ,30/06/2018,07/01/2019,,N,N,
442,00053746,EMPAQUETADURA CULATA TY HILUX 2.5/RUNNER 2.5      ,08/02/2013,16/08/2018,,,N,
443,00053813,EMPAQ CULATA CHEV SPARK DAEW TICO/MATIZ/DAM       ,19/01/2016,05/03/2018,,N,N,
444,00053814,EMPAQ CULATA FIAT PALIO/SIENNA/BRAVO/A 1.6        ,13/02/2013,,,,S,
445,00053986,EMPAQUETADURA CULATA U11                          ,22/02/2013,23/02/2013,,N,,
446,00054099,EMPAQ CULATA TOY 1.05 HILUX KUN25/35              ,18/08/2014,23/12/2016,,N,N,
447,00054174,EMPAQ CULATA HYUNDAI PONY                         ,06/03/2013,07/03/2013,,,N,
448,00054531,EMPAQUETADURA CUL BERLINGO C4/P                   ,22/03/2013,28/03/2013,,N,S,
449,00054559,EMPAQ CULATA HYUNDAI ESTELAR 1.6                  ,26/03/2013,28/03/2013,,N,N,
450,00054564,EMPAQ CULA MIT CANTER 3.5 89/00                   ,26/03/2013,27/03/2013,,,N,
451,00054917,EMPAQ CULATA HY EXCEL 1.3 85/ LANCER 1.3 84/91    ,,08/10/2019,,N,S,
452,00054927,EMPAQ.CULATA MITS.4D68 CHARIOT 2.0 92/98          ,,09/02/2017,,N,,
453,00054931,EMPAQ CULATA MITSUBISHI 1.8 4D65 85/              ,,,,,,
454,00054940,EMPAQ CULATA A.PRIME 1.5 G4EC 00/03 GETZ 1.4      ,,12/05/2016,,N,,
455,00055156,EMPAQ CULATA  0.95 mm HY PORTER D4CB 11/ SORENTO D,,09/08/2019,,N,,
456,00055161,EMPAQ CULATA HY MIGHTY 3.3 90/07                  ,,14/06/2014,,N,,
457,00055541,EMPAQUETADURA TAPA VALVULA HON CIVIC              ,25/04/2019,25/04/2019,,N,S,
458,00055568,JGO EMPAQ MOTOR (CADENA)                          ,20/05/2013,24/05/2013,,,N,
459,00056312,EMP MOTOR OPEL 1.7 Y17DTL EMP CUL MET 16 VAL      ,28/07/2014,02/10/2013,,N,N,
460,00056607,EMPAQ.CULATA TOY 1.75 MM HILUX 3.0 1KZ            ,27/04/2017,24/05/2017,,N,N,
461,00056608,EMPQ. CARTER BERLINGO                             ,29/07/2022,19/08/2013,,N,,
462,00056611,EMP. CULATA CHEV LUV 2.3 86/99                    ,15/04/2014,14/08/2018,,N,,
463,00057150,EMPAQ CULATA HYU SANTAFE IZQ 00/05 V6 LH          ,17/09/2013,,,,N,
464,00057151,EMPAQ CULATA HYU SANTAFE/TUCSON RH 00/05 V6       ,17/09/2013,,,,N,
465,00057242,EMPAQ CULATA HY H100D CON Y SIN TURBO             ,,,,,,
466,00057432,EMPAQ CULATA RENAULT 19/19D ECLAIRE 3 M S/ASB     ,24/06/2015,23/01/2017,,N,,
467,00057746,EMPAQ MULT ADMISION TERRANO II 12V 93/04 MEX      ,18/11/2019,19/11/2019,,N,N,
468,00058036,EMP CULATA METALICA ACCENT PRIME 1500 4FA         ,26/12/2016,26/06/2021,,N,S,
469,00058109,GOMA PISO DIAMANTE 1 MT ROLLO 20MT                ,13/12/2022,03/02/2023,S,N,S,N
470,00058296,EMP CULATA MAZDA B2500 METALICA 2.5L DIESEL       ,27/11/2013,22/11/2013,,,N,
471,00058395,EMP CULATA SUBARU OTBACK 2500                     ,03/06/2022,07/06/2022,,N,S,
472,00058463,EMPAQ CULATA PEUG PART BOXER BERLINGO 1.9 DW6     ,29/11/2013,,,,N,
473,00058496,EMPAQ CULATA NS D22 YD25 TERRANO D22 1.25MM TOTO  ,24/02/2018,,,N,N,
474,00058666,EMPAQ DE CULATA DAEWOO NUBIRA 2.0 98/03           ,17/08/2018,17/08/2018,,N,N,
475,00058792,EMP TAPA VALVULA HONDA CIVIC 1.6 96/00            ,23/01/2018,28/04/2021,,N,N,
476,00058795,EMPAQ TAPA VALV HY H1/PORTER/FRONTIER/SORENTO 2.5 ,19/12/2013,20/07/2018,,N,N,
477,00058874,EMPAQ MULTIPLE ADMISION HY TERRACAN 2.9           ,30/12/2013,03/01/2014,,,N,
478,00058921,EMPAQ DE CULATA DAEWOO/CHEVROLET MONZA            ,22/07/2016,23/06/2017,,,N,
479,00058961,EMP CARTER CHEV CORSA GSI 16V AST/VEC /98 CARTER A,09/01/2014,14/02/2019,,N,,
480,00058984,EMPAQ CARTER SUZ SWIFT SJ413 SAMU 1.3             ,09/01/2014,05/09/2017,,N,,
481,00058985,EMPAQ CULATA SUZ ST90                             ,09/01/2014,09/06/2021,,N,,
482,00058986,EMPAQ MULTI ADM SUZ SWIFT SJ413 C/CARB            ,09/01/2014,28/09/2016,,N,N,
483,00058988,EMPA MULT ADM SUZ SWIFT SJ413 C/INYEC             ,09/01/2014,20/02/2014,,N,,
484,00058989,EMPAQ TAPA VAL SUZ CARRY 1.0 SK410                ,09/01/2014,12/04/2018,,N,,
485,00059028,EMPAQ CARTER TOY HILUX 22RE 93/97                 ,16/01/2014,23/11/2017,,N,,
486,00059036,EMPAQ CULATA K10 OHC NISS MARCH                   ,02/09/2014,01/07/2017,,N,N,
487,00059091,EMPAQ MULT ADM CHEV SPARK MATIZ 800               ,08/01/2014,11/12/2018,,N,,
488,00059118,EMPAQ CARTER NISS 720 J15-16-18                   ,08/01/2014,05/04/2018,,N,,
489,00059121,EMPAQ CULATA NISSAN PLATINA 1.6 04/K4M            ,08/01/2014,,,N,,
490,00059124,EMPAQ CULATA NISS D21 Z20 TW                      ,08/01/2014,22/07/2017,,N,,
491,00059125,EMPAQ CULATA NISS D21 Z24 83/89 TW                ,15/07/2014,08/08/2014,,N,S,
492,00059128,EMP CULATA NISS D22 3.0  ZD30 DDTI G1 JAP         ,03/03/2014,30/06/2015,,N,,
493,00059130,EMP CULATA NISS SENTRA II 1.8 QG18DE JAP          ,08/01/2014,,,N,S,
494,00059131,EMPAQ TAPA VALV NISS D22 ZD30 JAP                 ,08/01/2014,29/06/2016,,N,,
495,00059145,EMPAQ MULT ADM SUZ BALENO VITARA 1.6              ,08/01/2014,27/08/2022,,N,N,
496,00059177,EMPAQ TAPA VALV CHEV SPARK GT10                   ,16/01/2014,,,N,,
497,00059197,EMPAQ CULATA KIA TOPIC 2.7/CERES 2.4/K2400        ,17/03/2014,03/03/2016,,N,S,
498,00059204,EMP CULATA MAZ 323 1.6 BJ 16V 99-03 DOHC ZL       ,10/01/2014,30/05/2017,,N,,
499,00059205,EMPAQ CULATA MAZ 323 1.6 90/98 B6                 ,14/01/2014,16/01/2020,,N,S,
500,00059207,EMPAQ CULATA MAZ B2500 97/06 2.5 DIESEL           ,22/12/2015,08/02/2016,,N,,
501,00059214,EMPAQ MULT ADM MAZ 323 1.6 B6 90/93               ,10/01/2014,30/05/2017,,N,,
502,00059216,EMPAQ  MULT ADM MAZ 3231.6 99/ ZL-ZM              ,10/01/2014,04/12/2019,,N,,
503,00059218,EMPAQ TAPA VAL MAZ 323 1.6 B6 90/93               ,10/01/2014,08/07/2014,,N,,
504,00059224,EMP CULATA MIT DAKAR/KATANA 97/02 TURBO 1.5       ,13/01/2014,10/02/2014,,N,,
505,00059238,EMPAQ CARTER HYUN ELANTRA 1.5 EXCEL 1.5 91/95     ,13/01/2014,23/02/2018,,N,,
506,00059239,EMPAQ CARTER HYUN H100 BENC                       ,13/01/2014,06/10/2020,,N,,
507,00059243,EMPAQ TAPA VALV HYUN EXCEL 1.5 92/95              ,13/01/2014,27/12/2018,,N,,
508,00059244,EMPAQ TAPA VALV HYUN H100 BENC                    ,13/01/2014,22/01/2015,,N,,
509,00059246,EMPAQ TAPA VALV MIT L200 2.5 CRDI 4D56T 2007      ,13/01/2014,28/05/2022,,N,,
510,00059294,EMPAQ MULT ADM HYUN H100 GRACE BENC               ,13/01/2014,07/08/2019,,N,,
511,00059390,EMPAQ. CULATA TOY HILUX 3.0                       ,26/04/2018,10/07/2014,,N,S,
512,00059392,EMP. CULATA 0.95 TOY HILUX 2.5 KUN 25/352KDFTV MET,18/08/2014,18/03/2017,,N,,
513,00059512,EMPAQ TAPA VALVULA HONDA INTEGRA/CRV              ,21/06/2016,11/09/2015,,,N,
514,00059571,EMPAQ DE CULATA 1.70MM ESPERSOR METALICA CHEV LUV ,22/01/2014,23/01/2014,,,N,
515,00059572,EMPAQ CUELLO CARTER DEL CHEV LUV 2.8              ,23/11/2016,23/01/2014,,,N,
516,00059573,EMPAQ CUELLO CARTER TRAS CHEV LUV 2.8             ,23/11/2016,23/01/2014,,,N,
517,00059659,EMPAQ TAPA VALVULA KIA K3500/3600                 ,22/01/2014,02/02/2018,,N,,
518,00059755,EMPAQ CULATA PEUG PARTENR                         ,28/07/2022,28/07/2022,,N,S,
519,00059893,EMPAQ CULATA METALICA EJ-25 SUBARU OUTBACK        ,06/05/2016,06/05/2016,,N,N,
520,00060354,EMPAQ CUELLO CARTER TRAS LARGO KIA AVELLA II 1.5  ,11/12/2017,16/11/2016,,N,N,
521,00060430,EMPAQ CULATA TOYOTA HILUX 2.4/2.7                 ,12/03/2014,18/03/2014,,,S,
522,00060489,EMPAQ CULATA NISS PLATINA KO                      ,13/03/2014,01/10/2016,,N,,
523,00060490,EMPAQ CULATA NISS SUNNY V16 T/ROJA KO             ,24/11/2015,23/08/2016,,N,N,
524,00060491,EMPAQ CULATA NISS V16 S/ASBESTO                   ,17/12/2014,03/07/2021,,,S,
525,00060548,EMPAQ CULATA SUBARU 600                           ,19/01/2017,14/01/2015,,,S,
526,00060568,EMPAQ CULATA MAZDA 323 TC 1.3 77/80               ,,,,,,
527,00060765,EMPAQ TAPA VALVULA NISS V16/SENTRA T/CAM          ,07/10/2016,04/12/2015,,N,N,
528,00060841,EMPAQ CULATA MITSUBISHI 4G64                      ,25/03/2014,27/03/2014,,,N,
529,00060899,EMP CULATA  LUV 2.5 / 2.8 NKR 2.8   ESP 1.52MM    ,04/06/2014,09/06/2014,,N,N,
530,00060907,EMPAQ TAPA VALVULA HONDA ACCORD 2.2               ,24/09/2014,,,,N,
531,00061312,EMPAQUETADURA CULATA TOYOTA YARIS 2010            ,15/04/2014,15/02/2016,,,S,
532,00061556,EMPAQ CULATA TERRNAO II 12V 93/99 D22 12V 98-> KAZ,16/04/2014,,,,S,
533,00061571,EMPAQ CULATA HYUN PORTER 2.5/KIA SERATO 2.5 (GRAFI,01/04/2014,,,,N,
534,00061582,EMPAQ TAPA VALVULA MIT COLT                       ,20/06/2014,21/06/2014,,N,N,
535,00061583,EMPAQ MULTIPLE ADM MIT COLT                       ,06/10/2018,22/10/2018,,N,N,
536,00061757,EMPAQ TAPA VALVULA TOY CORONA                     ,06/10/2017,07/10/2017,,N,N,
537,00061965,EMPAQ CULATA TOY HILUX 89/07 2.8/3.0              ,15/05/2014,31/08/2016,,,N,
538,00061988,EMP CULATA HY H1 D4CB 1 MUESCA                    ,12/06/2014,20/01/2017,,N,,
539,00061989,EMP CULATA HY H1 D4CB 2 MUESCAS                   ,12/06/2014,11/12/2020,,N,,
540,00062030,EMPAQ TAPA VALV TOY HILUX 2.4                     ,14/02/2020,08/06/2021,,N,N,
541,00062096,EMP CULATA HONDA CIVIC D15B SOHC 16 VALV          ,22/05/2014,,,N,N,
542,00062185,EMPAQUETADURA CULATA SIN ASBESTO PEUG 306GT       ,27/05/2014,02/05/2018,,,N,
543,00062303,EMPAQ CARTER HONDA ACCORD 2.0/2.2 90/97           ,23/05/2014,07/09/2016,,N,S,
544,00062320,EMPAQ CULATA HONDA INTEGRA 90/95 1.8              ,27/05/2014,07/06/2014,,,N,
545,00062321,EMPAQ MULT ADM HONDA INTEGRA 90/95 1.8            ,27/05/2014,07/06/2014,,,N,
546,00062353,EMPAQ TAPA VALV KIA SEPHIA 1.6 95/98 16V          ,30/05/2019,17/08/2020,,N,N,
547,00062599,EMPAQ TAPA VALV MIT LANCER                        ,10/10/2014,16/11/2016,,N,N,
548,00062901,EMPAQ CULATA TOYOTA HILUX 3.0 1KZ                 ,22/08/2014,22/08/2014,,N,N,
549,00062973,EMPAQ CULATA OPEL COMBO 1.7 DIESEL 3M 1.7MM       ,06/08/2015,16/06/2021,,N,S,
550,00063030,EMPAQ CULATA TOY COROLLA 1.2 67/77/STARLET 1.2 74/,19/08/2020,21/08/2020,,N,N,
551,00063034,EMPAQ MULT ADMISION HONDA ACCORD 2.0 F20          ,30/06/2014,02/07/2014,,N,,
552,00063275,EMPAQ CULATA KIA RIO 00/07 1.3/1.5                ,30/03/2017,29/03/2017,,,N,
553,00063465,EMPAQ CULATA NISS D21 KA24                        ,15/07/2014,05/09/2016,,N,,
554,00063524,EMPAQ MOTOR H1/GALLOPER II/PORTER                 ,18/07/2014,16/01/2015,S,N,,
555,00063676,EMP. TAPA VALVULA KIA FRONTIER 2.5 D4CB H1 SORENTO,19/08/2017,25/07/2017,,N,N,
556,00063939,EMPAQ CULATA CITROEN BERLINGO METALICA            ,14/03/2019,27/12/2019,,N,S,
557,00063994,EMP MULT ADM KIA AVELLA II 1.5 C/INYEC            ,01/12/2017,02/12/2020,,N,N,
558,00063995,EMP CUELLO DEL CARTER CORTO KIA AVELLA II C/INYECC,11/12/2017,16/11/2016,,N,,
559,00064084,EMPAQ CULATA HY ATOZ PRIME/I10/MORNING            ,24/11/2015,10/07/2021,,N,S,
560,00064144,EMPAQ CULATA NISS SENTRA 1.6 86->                 ,17/07/2017,30/12/2020,,,S,
561,00064152,EMPAQ CULATA TOY 1.15 HILUX 2.5 KUN 25/35         ,18/08/2014,22/05/2015,,N,,
562,00064153,EMPAQ CULATA TOY 1.00 HILUX 3.0 KUN 26/36         ,03/07/2018,17/10/2019,,N,S,
563,00064154,EMPAQ CULATA TOY 1.10 HILUX 3.0 KUN 26/36         ,18/08/2014,,,N,,
564,00064232,EMPAQ CULATA CHEV CRUZE 1.8 10->                  ,24/06/2015,15/09/2017,,N,N,
565,00064235,EMPAQ CULATA DOHC 16V MAZDA ARTIZ                 ,19/08/2014,21/08/2014,,,N,
566,00064313,EMPAQ CULATA SUZ BALENO                           ,22/08/2014,08/03/2019,,,N,
567,00064476,EMP. MULTIPLE ADMISION LUV 2.2                    ,05/05/2015,08/10/2020,,N,,
568,00064488,EMPAQ TAPA VALV HY MIGHTY 3.3/3.5/3.9             ,27/08/2014,03/05/2022,,N,,
569,00064735,EMPAQ CULATA HYUN ELANTRA 1.6 92/95               ,05/09/2014,03/08/2015,,,N,
570,00064803,EMPAQ CULATA HONDA CRV 2.0 97/01                  ,08/09/2014,04/07/2020,,,S,
571,00064907,EMPAQ TAPA VALV SUB JUSTY                         ,16/09/2014,,,N,,
572,00065084,EMPAQUETADURA CULATA CHANGFA 495BT                ,26/09/2014,27/09/2014,,N,,
573,00065177,EMPAQ CULATA NISS V16 GA16DE 93/97 GRAFITO        ,27/09/2014,15/12/2018,,N,N,
574,00065199,EMPAQ MOTOR S/CULATA CHEV STRADA 1.7 TURBO DIESEL ,30/09/2014,17/02/2022,,,N,
575,00065383,EMPAQ CULATA METAL CHEV STRADA 1.7                ,08/10/2014,09/10/2014,,,N,
576,00065540,EMPAQ CULATA FIAT FIORINO 1.7                     ,13/10/2014,,,,N,
577,00065591,EMPAQ MULTIPLE ADM TOY COROLLA 1.6 88/92          ,12/08/2022,17/10/2014,,N,N,
578,00065593,EMPAQ CULATA HONDA ACCORD 2.2 95/97               ,10/05/2019,25/10/2014,,,S,
579,00065993,EMPAQ MOTOR FIAT UNO SMART 55/60 C/RET            ,11/11/2014,25/11/2021,,N,S,
580,00066019,JGO EMPAQ PEUG 306XR/307                          ,07/11/2014,07/11/2014,,N,,
581,00066437,EMPAQ CULATA METALICA PEUG 406                    ,27/11/2014,27/11/2014,,,N,
582,00066793,EMPAQ TAPA VALV DAEWOO DAMAS 800 96/02            ,18/12/2014,,,,N,
583,00066900,EMPAQ CULATA S/ASBESTO RENAULT LAGUNA             ,30/12/2014,,,,S,
584,00066949,EMPAQUETADURA CULATA RENAULT KANGOO/TRAFFI        ,06/01/2015,,,,N,
585,00067168,EMPAQ MOTOR KIA CERATO 1.6 04/07                  ,16/01/2015,20/01/2015,,,N,
586,00067552,EMPAQ CULATA MITSUBISHI CANTER 3.9                ,19/08/2016,19/08/2016,,,N,
587,00067743,EMPAQ CULATA TOY YARIS JP                         ,21/06/2017,02/09/2017,,,N,
588,00067744,EMPAQ CULATA TOY YARIS KR                         ,26/02/2019,21/09/2020,,,S,
589,00067998,EMPAQ CULATA METALICA CHEV LUV DIESEL 1 MUESCA    ,04/03/2015,22/03/2021,,,N,
590,00067999,EMPAQ CULATA METALICA CHEV LUV DIESEL 3 MUESCA    ,04/03/2015,04/08/2020,,,S,
591,00068180,EMPAQ CULATA CHEV/ISU LUV 2.2 TFS 99/00/NKR 2.8 88,14/03/2015,22/07/2019,,,S,
592,00068451,EMPAQ MULTIPLE ADM HYUN ACCENT 06->               ,10/04/2015,13/12/2018,,N,N,
593,00068480,EMPAQ CULATA METALICA HYUN ACCENT                 ,17/02/2018,11/01/2019,,,S,
594,00068667,EMPAQ CULATA PEUG 206/306/ CIT ZX/SAXO 8V TU5JP   ,11/10/2017,29/05/2018,,N,N,
595,00068668,VULCANIZADOR MANUAL PORTATIL C/CONT.T TRAD010     ,,,,,,
596,00068673,EMPAQ CULATA CHEV AVEO                            ,22/08/2015,21/07/2016,,,N,
597,00068901,JG EMPAQ MOTOR HONDA ACCORD 2.2 94/97 F22B SOCH VT,05/05/2015,07/05/2015,,,N,
598,00069775,JGO EMPAQ MOTOR DAEWOO ESPERO 1.5 95/99           ,23/06/2015,23/12/2016,,,S,
599,00070226,EMPAQ MOTOR DAEWOO ESPERO 2.0/CHEV LUV 2.2        ,22/07/2015,22/07/2015,,,N,
600,00070620,EMPAQ MOTOR HYUN ACCENT 1.6 00/05 DOCH            ,11/09/2020,,,N,S,
601,00070621,EMPAQ CULATA HYUN ACCENT 1.5 DIESEL CRDI 06/11    ,11/08/2015,15/07/2020,,,S,
602,00071434,EMPAQ CULATA FIAT STRADA /POLO / VENTO /GOLF 1.4  ,16/09/2015,16/09/2015,,N,,
603,00071436,EMPAQ CULATA FIAT STRADA /POLO 1.4/1.6            ,16/09/2015,,,N,,
604,00071460,EMPQUETADURA MOTOR C/RETENES NS V16               ,21/09/2015,30/05/2016,,,N,
605,00072031,JGO.EMPAQ MOTOR CH CORSA/DAEWOO                   ,17/11/2016,20/11/2021,,,S,
606,00072935,EMPAQ MOTOR 1GRFE                                 ,24/11/2015,24/11/2015,,,N,
607,00074265,EMPAQ TAPA VALV DW LANOS SOHC ONNURI              ,24/01/2023,25/01/2023,,N,N,
608,00076561,EMPAQ CULATA LIFAN (7A/FE)                        ,20/06/2016,09/02/2017,,N,,
609,00077831,JG EMPAQUETADUA MOTOR SOLO MOD VTEC 16V HONDA     ,17/09/2016,,,,N,
610,00078550,EMPAQUETADURA CULATA SIN ASBESTO VW SANTANA       ,10/05/2017,24/11/2016,,,S,
611,00083108,EMPAQ. CARTER FIAT FIORINO 1.7                    ,30/12/2017,10/01/2018,,N,,
612,00083449,EMPAQ CULATA JAC MIT 3A91                         ,24/01/2020,,,N,,
613,00083543,EMPAQ CULATA BYD F3 473A                          ,16/11/2020,,,N,,
614,00083544,EMPAQ CULATA BYD F0 L3 2.2                        ,24/01/2020,,,N,,
615,00083545,EMPAQ CULATA CHERY FULWIN 477                     ,24/01/2020,,,N,,
616,00087640,EMPAQUETADURA TURBO  BERLINGO                     ,12/07/2018,,,,N,
617,00087644,EMPAQUETADURA CULATA BERLINGO                     ,12/07/2018,,,,S,
618,00087767,EMPAQUETADURA TAPA VALVULA                        ,23/07/2018,,,,,
619,00087772,EMPAQ CULATA NS MARCH 1.0 85/92                   ,20/07/2018,,S,N,N,
620,00091853,EMPAQUETADURA MULTIPLE ADMISION 14035-AA380-S     ,25/04/2019,09/08/2019,,N,N,
621,00092649,EMPAQUETADURA MOTOR JUEGO COMPLETO HYU. GALLOPER  ,20/06/2019,24/06/2019,,,N,
622,00093400,EMPAQ. CULATA METALICA  D.01/07 PARTNER           ,09/08/2019,09/08/2019,,N,,
623,00096783,EMPAQ MOTOR JUEG SIN CULAT CON RETEN              ,07/07/2020,,,N,,
624,00099799,EMPAQ MOTOR X-TRAIL                               ,11/02/2021,15/03/2021,,N,,
625,00099824,HGO EMPAQ MOTOR MITS PAJERO                       ,13/02/2021,,,N,,
626,00100199,EMPAQ CULATA NISSAN CEDRIC/JUNIOR TW                                                                ,22/07/2005,11/10/2011,,N,,
627,00100280,EMPAQ CULATA TOY 4Y GRUA HORQ/TOY HILUX 2200 JP   ,05/08/2011,06/01/2012,,N,,
628,00100519,EMPAQUETADURA CULATA NISSAN TERRANO 2.5 YD25D 00/0,03/01/2011,01/04/2016,,N,,
629,00100567,KLINGER CON METAL GRAFITADO 1/16 1.59 MM X KILO   ,05/12/2022,05/01/2023,S,N,,
630,00100722,EMPAQ MULTIPLE ADMISION SUZUKI SWIFT 1.3          ,07/02/2009,18/01/2014,,N,,
631,00100855,EMPAQ CULATA NISSAN V16/SUN/SENT 1.3/1.5 11044JP  ,16/09/2011,17/05/2013,,N,,
632,00100886,EMPAQ CULATA SUBARU LEGACY 2.0/IMPRES/FORESTER TW ,11/04/2011,30/01/2015,,N,,
633,00100966,EMPAQ CULATA DATSUN 120Y 120A JP                  ,19/04/2011,02/03/2012,,N,,
634,00101322,EMPAQUETADURA CULATA NISSAN CD17/SENTRA 82 JP     ,04/01/2011,15/03/2012,,N,,
635,00101340,EMPAQUETADURA CULATA MAZDA 323 JP                 ,26/07/2011,,,,,
636,00101570,EMPAQ MULTIPLE ADMISION NISSAN J18/               ,31/05/2011,01/02/2023,,N,,
637,00101573,EMPAQ CULATA RENAULT 19 ECL 1.9 E;1.85D NACIONAL                                                    ,02/10/2008,,,,,
638,00101846,EMPAQUETADUTA CULAT TOY TERCEL 16V TW             ,18/07/2011,26/10/2011,,N,,
639,00102076,EMPAQUETADURA CULATA MAZDA ARTIS 1.6 GLX 95/96    ,21/12/2010,28/10/2011,,N,,
640,00102147,EMPAQ CULATA FIAT 600 0.8MM ITALIA                ,07/07/2011,24/07/2012,,N,,
641,00102584,EMPAQ CULATA NISSAN SD23 METAL USA                ,17/08/2011,07/11/2011,,N,,
642,00102592,EMPAQUETADURA CARTER RH CURVA sia topic corcho    ,14/04/2011,,,,,
643,00102656,EMPAQ CULATA SUZUKI FRONTE 550CC JAP              ,07/07/2011,22/11/2011,,N,,
644,00102758,EMPAQUETADURA CULATA FIAT 125 1.40MM              ,24/06/2011,31/10/2012,,N,,
645,00102955,EMPAQ CULATA LUV 2300CC 89- CSAM-313E/8-94324 JP  ,11/04/2011,23/07/2012,,N,,
646,00103112,EMPAQ CULATA 2.5 MM KIA FRONTIER                  ,13/06/2022,13/02/2012,,N,,
647,00103139,EMPAQ CULATA TOYOTA YARIS TW                      ,10/01/2011,15/11/2011,,N,,
648,00103285,EMPAQ CULATA PEUGEOT 405 ELD P 405 ITALIA         ,24/01/2009,03/03/2016,,N,,
649,00103293,EMPAQUETADURA CULATA KIA CLARUS/SEPHYA TW         ,21/02/2011,18/11/2011,,N,,
650,00103461,EMPAQ CULATA TOYOTA HILUX 22R JP                  ,29/06/2011,12/08/2014,,N,,
651,00103507,EMPAQ CULATA NISSAN D21 KA24E 2400CC JP           ,30/09/2011,14/07/2014,,N,,
652,00103853,EMPAQ CULATA NISSAN J18(MEX) 1800CC TW            ,14/05/2010,27/08/2015,,N,,
653,00103913,EMPAQUETADURA CUL KIA BESTA DIESEL 2.7 AM-9700/R201-10-271A JP                                      ,20/01/2004,03/12/2011,,N,,
654,00103926,EMPAQUETADURA CULATA HYUNDAY PORTER 2.5/KIA SORENT,09/06/2011,,,,,
655,00103998,EMPAQUETADURA CULATA MITS L200 4WD USA            ,26/07/2011,23/08/2012,,N,,
656,00103999,EMPAQ CULATA TOYOTA DINA/DELTA 11115-56010 TW                                                       ,03/04/2001,,,N,,
657,00104131,EMPAQ CULATA TOYOTA TERCEL 5EFE                   ,26/08/2011,09/12/2011,,N,,
658,00104239,EMPAQ MULTIPLE ADMISION PEUGEOT P-404/504                                                           ,08/04/2003,,,,,
659,00104393,EMPAQ CULATA RENAULT ECLEIRE DIESEL               ,28/09/2011,,,,,
660,00104417,EMPAQUETADURA CULATA ASIA TOWNER KR               ,11/07/2011,25/02/2014,,N,,
661,00104433,EMPAQ CARTER KIA KOREA                                                                              ,11/03/2003,,,,,
662,00104445,EMPAQUETADURA CULATA RENAULT MEG/SCENIC-ECLAIRE-LA,09/01/2009,01/03/2012,,N,,
663,00104563,EMPAQ CULATA TOYOTA 2C CORONA 2C METAL  TW        ,11/04/2011,25/05/2012,,N,,
664,00104570,EMPAQ CULATA KIA TOPIC 2.7 DIESEL JP              ,05/07/2011,13/02/2012,,N,,
665,00104618,EMPAQUETADURA CULATA LUV 2.2/ESPERO 2.0/LEGANZA TW,24/05/2011,05/11/2012,,N,,
666,00104702,EMPAQ MULTIPLE ADMISION NISSAN D21                                                                  ,25/02/2004,26/12/2011,,N,,
667,00104750,EMPAQUETADURA CULATA TOY 2C DIESEL JP             ,08/06/2011,28/12/2011,,N,,
668,00104869,EMPAQ CULATA KIA 3.5 USA                          ,27/02/2009,,,,,
669,00104899,EMPAQUETADURA CULATA HYUNDAY GALOPPER/L300/H100   ,18/07/2011,18/12/2012,,N,,
670,00104998,EMPAQ CULATA MITSUB LANCER 1.3/PROTON JP          ,04/08/2011,03/02/2016,,N,,
671,00105089,EMPAQ CARTER FIAT 147/FIORINO 88/ CP2-769 NACION  ,15/02/2011,30/08/2012,,N,,
672,00105165,EMPAQ CARTER DAEWOO RACER/ETI-POINTER             ,13/12/2010,20/07/2013,,N,,
673,00105613,EMPAQ CULATA SUZ SWIFT 16 VALV JP FULL INYECCIO   ,22/07/2011,09/02/2012,,N,,
674,00105674,EMPAQ CULATA RENAULT ECLEIRE DIESEL               ,26/08/2010,04/07/2013,,N,,
675,00105938,EMPAQ CULATA LUV 1600CC CSAM-306E CSAM-306E/8-9423,18/08/2010,02/02/2012,,N,,
676,00105967,EMPAQ CULATIN FIAT PUNTO 90/TIPO                  ,21/02/2009,03/02/2012,,N,,
677,00106031,EMPAQ CULATA SUZUKI FRONTE 800 JP                 ,09/11/2010,16/02/2012,,N,,
678,00106070,EMPAQUETADURA CULATA CHEV CORSA 97-06/COMBO 97-02 ,28/10/2009,07/02/2012,,N,,
679,00106342,EMPAQUETADURA CULATA CORSA 1.6 81MM               ,04/11/2009,21/10/2022,,N,,
680,00106371,EMPAQUETADURA MULT/ADMIS MAZDA B2.2 DIESEL 88/00  ,29/11/2010,22/11/2013,,N,,
681,00106820,EMPAQ CULATA NISSAN RD28 METALICA 89/96 KOREA                                                       ,12/02/2007,,,,,
682,00106952,EMPAQ CULATA PEUG 206 MOTOR TU5JP                 ,15/12/2010,05/06/2015,,N,,
683,00106964,EMPAQUETADURA CULATA DAEWOO DAMAS 800 96/00-TICO  ,10/08/2011,04/04/2012,,N,,
684,00107026,EMPAQ CULATA PEUGEOT 504 2.0CC                                                                      ,13/07/2007,,,,,
685,00107055,EMPAQ MULTIPLE ADMISION DAIHATSU APPLAUSSE TW     ,17/12/2010,14/04/2012,,N,,
686,00107351,EMPAQ CULATA TOYOTA 3K AM4100B TW                                                                   ,11/03/2003,14/05/2012,,N,,
687,00107389,EMPAQ CARTER FIAT DUNA/UNO                        ,25/10/2010,,,,,
688,00107415,EMPAQ CULATA PEUGEOT 404/504 DIESEL 60 ->                                                           ,03/02/2000,,,,,
689,00107422,EMPAQ CULATA RENAULT EXPRESS/KANGOO                                                                 ,02/04/2008,10/06/2020,,N,,
690,00107530,EMPAQUETADURA CULATA GRUPO ELECTROGENO            ,01/12/2010,,,,,
691,00107592,EMPAQ CULATA CITROEN AX/C15/ZX ORIG                                                                 ,14/01/2004,,,,,
692,00107606,EMPAQ CULATA PEUGEOT 205 GT 1.4 AX                                                                  ,16/08/2004,,,,,
693,00107693,EMPAQUETADURA MULT ADM DAIH TERIOS                ,08/08/2011,,,,,
694,00107785,EMPAQ MULTIPLE ADMISION FIAT 125-132 ARGENTA      ,24/06/2011,04/04/2014,,N,,
695,00107790,EMPAQ MULTIPLE ADMISION KIA FRONTIER 2.7                                                            ,20/12/2005,,,,,
696,00107801,EMPAQUETADURA CULATA HYUNDAY ACC PRIME D3EA       ,02/12/2010,18/08/2012,,N,,
697,00107868,EMPAQ MULTIPLE ADMISION /ESCAPE FIORINO 96/ PALIO ,14/09/2010,03/08/2012,,N,,
698,00107872,EMPAQUETADURA CULATA HYUNDAY GALOPPER KR          ,15/11/2010,03/08/2012,,N,,
699,00107888,EMPAQ CULATA MAZDA WL JP                                                                            ,09/03/2004,,,,,
700,00108043,EMPAQ CULATA PEUGEOT 504/505 GT 643/5 92 XN1      ,11/06/2010,29/05/2015,,N,,
701,00108093,EMPAQUETADURA CULATA PEUG PARTNER 83MM 1.44       ,03/06/2011,26/06/2015,,N,,
702,00108094,EMPAQ CULATA PEUGEOT PARTNER 83MM DIESEL          ,03/06/2011,,,,,
703,00108175,EMPAQ CULATA FIAT FIORINO 1.7 1.80 MM DIESEL NACIONAL                                               ,28/01/2004,,,,,
704,00108199,EMPAQUETADURA CULATA HYUNDAY GALLOPER 2.5 D4BF 95/,29/04/2011,24/04/2013,,N,,
705,00108299,EMPAQ CULATA KIA SEPHIA NACIONAL                                                                    ,17/11/2006,,,,,
706,00108329,EMPAQ CULATA HONDA ACCORD TW                                                                        ,20/12/2006,,,,,
707,00108359,EMPAQUETADURA CULATA SUZ SWIFT 1.0CC G10 89/00 JP ,15/02/2011,07/07/2015,,N,,
708,00108442,EMPAQ CULATA DATSUN 140Y/150Y JP                  ,17/08/2011,29/07/2013,,N,,
709,00108464,EMPAQUETADURA CULATA SUB OUTBACK                  ,,,,,,
710,00108479,EMPAQUETADURA CULATA SUBARU LEGAY                 ,31/05/2010,04/12/2012,,N,,
711,00108480,EMPAQ CULATA SUBARU LEONE 1.8 EA81 80-00 CCAM-2250,07/09/2010,,,,,
712,00108510,EMPAQUETADURA CARTER MITS MONTERO 2.6 82/00-H100 2,15/02/2010,13/12/2012,,N,,
713,00108576,EMPAQ CULATA PEUGEOT 306 GT 10040500              ,25/11/2008,,,,,
714,00108690,EMPAQ CARTER KIA V4-9076                                                                            ,,,,,,
715,00108819,EMPAQ CARTER SUBARU 600 CP2-2252/41160-1300 NACIONAL                                                ,08/01/2008,,,,,
716,00108870,EMPAQ CULATA PEUGEOT 504 1.8-2.0CC                ,04/01/2011,08/01/2015,,N,,
717,00108911,EMPAQUETADURA CULATA FIAT UNO L/GL/GLS BRASIL     ,23/08/2011,08/04/2013,,N,,
718,00108966,EMPAQ CARTER LH KIA TOPIC                                                                           ,19/06/2002,,,,,
719,00108979,EMPAQUETADURA CULATA TOY STARLET TW               ,04/10/2011,25/04/2013,,N,,
720,00109007,EMPAQUETADURA MULT/ADM NISSAN D21 2.4CC           ,26/10/2010,03/05/2013,,N,,
721,00109070,EMPAQ CULATA SUBARU LEONE 1.6 JP                  ,11/03/2009,,,,,
722,00109165,EMPAQUETADURA CULATA FIAT BRAVA 1.4 ORIG          ,26/04/2011,,,,,
723,00109246,EMPAQUETADURA CULATA TOYOTA 4AFE COROLLA          ,26/08/2011,29/07/2013,,N,,
724,00109252,EMPAQ CULATA NISSAN ORIG                                                                            ,30/03/2004,,,,,
725,00109273,EMPAQ CULATA PEUGEOT 205 88                                                                         ,21/08/2007,,,,,
726,00109284,EMPAQ CARTER FIAT ITALIA                                                                            ,19/04/2006,,,,,
727,00109360,EMPAQUETADURA CULATA METALICA KIA SPRTAGE 2.0    ,27/08/2011,13/09/2013,,N,,
728,00109386,EMPAQUETADURA CULATA NISSAN A14 JP                ,16/11/2010,27/09/2013,,N,,
729,00109423,EMPAQ CULATA HONDA 1.3 D13B SOHC                  ,19/02/2011,15/10/2013,,N,,
730,00109446,EMPAQ CARTER CHEVETTE                                                                               ,04/04/2008,,,,,
731,00109463,EMPAQ CULATA RENAULT ECLEIRE 19 NACIONAL                                                            ,16/08/2004,,,,,
732,00109543,EMPAQ CULATA LUV 2225CC METAL TW                                                                    ,23/08/2011,30/11/2013,,N,,
733,00109600,EMPAQ CULATA SUZUKI SWIFT G16B 16V TW             ,27/09/2010,26/12/2013,,N,,
734,00109637,EMPAQUETADURA CULATA DIAH 1000 JP                 ,03/07/2010,,,,,
735,00109759,EMPAQ CULATA SUBARU JUSTY 1000CC TW               ,07/07/2011,20/08/2014,,N,,
736,00111314,EMPAQUETADURA CULATA NISSAN D22 0.975MM           ,25/05/2022,26/05/2022,,,S,
737,00113422,EMPAQUETADURA CULATA PG PARNER/BERL/CT C15D 1.9 DW,17/12/2022,17/12/2022,,,S,
738,00113935,JG.EMP MOTOR SOHC 16V BC-BF IMPRESA 2.0 1995/1997 ,03/02/2023,03/02/2023,,,,
739,00200020,EMPAQUETADURA CULATA IZUSU 4FD1                                                                     ,,,,,,
740,00200089,EMPAQ CULATA HONDA                                                                                  ,,,,,,
741,00200092,EMP CULATA GRAN MOVE                                                                                ,,,,,,
742,00200116,EMP CULATA DELTA 3.0                                                                                ,,,,,,
743,00200128,EMPAQ MULT ADM                                                                                      ,,,,,,
744,00200139,EMP CARTER NISSAN C17                                                                               ,,,,,,
745,00200172,EMPAQ CULATA ISUZU 5.400                                                                            ,,,,,,
746,00200218,VALV ESC/VALV ADM.. EMPA CULTA                                                                      ,,,,N,,
747,00200232,EMPAQ CULATA FORD RANGER                                                                            ,,,,,,
748,00200253,EMPAQ CULATA MAZDA F2                                                                               ,,,,,,
749,00200262,EMP CULATA LAND CRUSIER                                                                             ,,,,,,
750,00200269,EMP CULATA KIA SEPHIA 1.8                                                                           ,,,,,,
751,00200287,EMPA CULATA JIMNY                                                                                   ,,,,N,,
752,00200307,EMPAQ CULATA ACCENT 1.4                                                                             ,,,,,,
753,00200365,EMPAQ CUL FIA                                                                                       ,,,,,,
754,00200404,EMPAQ CUELLO CARTER LARGO                                                                           ,,,,,,
755,00200405,EMPAQ CUELLO CARTER CORTA                                                                           ,,,,,,
756,00200408,EMPAQ CULATA MITSU.ROSA                                                                             ,,,,,,
757,00200421,EMPAQ CULATA SUBARU LOYALE                                                                          ,,,,,,
758,00200425,EMPAQ. CULATA FIAT SIENA 1.3 MET 16V                                                                ,,,,,,
759,00200430,EMP CULATA 290062                                                                                   ,,,,,,
760,00200463,EMPA CULATA CHEV OPTRA 1.6                                                                          ,,,,,,
761,00200510,EMP CULATA                                                                                          ,,,,,N,
762,00200610,EMP CULATA                                                                                          ,,,,,N,
763,00200617,EMPAQ CULATA                                                                                        ,,,,N,,
764,00200646,EMPAQ CULATA JUSTY 1.2                                                                              ,,,,N,,
765,00200700,EMPA CULA MAZDA MOTOR PN                                                                            ,,,,N,,
766,00200714,EMPA CULATA MAZDA                                                                                   ,,,,N,,
767,00200756,EMP CULATA                                                                                          ,,,,,N,
768,00200844,EMPA CULATA FORD 2.8                                                                                ,,,,N,,
769,00200857,EMPAQ CULATA LH SANTA FE                                                                            ,,,,,N,
770,00200858,EMPAQ CULATA RH                                                                                     ,,,,,N,
771,00200865,EMPA CUL KIA SHEPIA 1.8                                                                             ,,,,N,,
772,00200926,EMPAQ CULATA 3SFE                                                                                   ,,,,N,,
773,00200971,EMPAQ CULATA HONDA                                                                                  ,,,,N,,
774,00201036,EMPAQUETADURA CULATA HYUNDAI A4FA                                                                   ,,,,,N,
775,00201058,EMP CULATA                                                                                          ,,,,,N,
776,00201091,EMP CULATA Y PERNOS                                                                                 ,,,,,N,
777,00201161,EMPA CULATA MONZA                                                                                   ,,10/07/2021,,N,,
778,00201223,CULTA Y RETEN EMP                                                                                   ,,,,,,
779,00201245,EMP CULA                                                                                            ,,,,,,
780,00201287,EMPAQUETADURA CULATA LAND CRUZIER                                                                   ,,,,,,
781,00201327,EMPAQ CULATA                                                                                        ,,,,,,
782,00201371,EMPAQUETADURA CULATA LANCER 1.3                                                                     ,,,,,,
783,00201468,EMPAQ CULATA STARLET 3K                                                                             ,,,,,,
784,00201559,VALVULA EMPCULATA RETEN VALVULA SENSOR                                                              ,,,,,,
785,00201578,EMPAQ CULATA PALIO                                                                                  ,,,,,,
786,00201637,EMPA CULATA                                                                                         ,,,,,,
