,Codigo,Tipo error,Descripcion,I.Industrial,I.La Serena,I.Matriz,I.Bodega,Ult. fecha compra,Ult.fecha venta
0,00003439,Letras y numeros,BF 606,,,,,,
1,00003441,Letras y numeros,BF 706,,,N,,,14/07/2014
2,00003443,Letras y numeros,BF 718,,,N,,,27/10/2011
3,00003444,Letras y numeros,BF 722,,,,,,
4,00003447,Letras y numeros,BF 920,,,,,,
5,00003448,Letras y numeros,BF 1014,,,,,,
6,00003449,Letras y numeros,BF 1018/1,,,,,,
7,00003450,Letras y numeros,BF 1021,,,,,,
8,00003451,Letras y numeros,BF 1121,,,,,,
9,00003452,Letras y numeros,BF 1121/1,,,,,,
10,00003453,Letras y numeros,BF 1131,,,,,,
11,00003454,Letras y numeros,BF 1231,,,,,,
12,00003455,Letras y numeros,BF 1472,,,,,,
13,00003456,Letras y numeros,BF 1771,,,,,,
14,00003457,Letras y numeros,BF 1774,,,,,,
15,00003458,Letras y numeros,BF 2259,,,,,,
16,00003459,Letras y numeros,BF 15109,,,,,,
17,00003460,Letras y numeros,BF 22127,,,,,,
18,00003461,Letras y numeros,BF 22127/10,,,,,,
19,00003462,Letras y numeros,BF 22137,,,,,,
20,00003463,Letras y numeros,BF 22148,,,,,,
21,00003464,Letras y numeros,BF 22164,,,,,,
22,00003465,Letras y numeros,C 31,,,,,,
23,00003466,Letras y numeros,C 31/1,,,,,,
24,00003467,Letras y numeros,C 32,,,,,,
25,00003468,Letras y numeros,C 33,,,,,,
26,00003469,Letras y numeros,C 34,,,,,,
27,00003470,Letras y numeros,C 35,,,,,,
28,00003471,Letras y numeros,C 37,,,,,,
29,00003472,Letras y numeros,C 41,,,,,,
30,00003473,Letras y numeros,C 41/3,,,,,,
31,00003474,Letras y numeros,C 42/1,,,,,,
32,00003475,Letras y numeros,C 42/2,,,,,,
33,00003476,Letras y numeros,C 43,,,,,,
34,00003477,Letras y numeros,C 44/2,,,N,,,24/07/2015
35,00003478,Letras y numeros,C 46,,,,,,
36,00003479,Letras y numeros,C 48,,,,,,
37,00003480,Letras y numeros,C 52,,,,,,
38,00003481,Letras y numeros,C 52/1,,,N,,,
39,00003482,Letras y numeros,C 53,,,,,,
40,00003483,Letras y numeros,C 54,,,,,,
41,00003484,Letras y numeros,C 55,,,,,,
42,00003485,Letras y numeros,C 63,,,,,,
43,00003486,Letras y numeros,C 64/1,,,,,,
44,00003487,Letras y numeros,C 65/10,,,N,,,22/03/2016
45,00003488,Letras y numeros,C 66,,,,,,
46,00003489,Letras y numeros,C 66/1,,,,,,
47,00003490,Letras y numeros,C 69/1,,,N,,,27/11/2014
48,00003491,Letras y numeros,C 72,,,,,,
49,00003492,Letras y numeros,C 72/1,,,,,,
50,00003493,Letras y numeros,C 73,,,,,,
51,00003494,Letras y numeros,C 74,,,,,,
52,00003495,Letras y numeros,C 75,,,,,,
53,00003497,Letras y numeros,C 75/3,,,,,,
54,00003498,Letras y numeros,C 76/1,,,,,,
55,00003499,Letras y numeros,C 76/10,,,,,,
56,00003500,Letras y numeros,C 76/15,,,N,,,29/03/2012
57,00003501,Letras y numeros,C 76/20,,,,,,
58,00003502,Letras y numeros,C 76/30,,,,,,
59,00003503,Letras y numeros,C 77,,,,,,
60,00003504,Letras y numeros,C 77/2,,,,,,
61,00003505,Letras y numeros,C 78,,,,,,
62,00003506,Letras y numeros,C 78/10,,,,,,
63,00003507,Letras y numeros,C 79/1,,,,,,
64,00003508,Letras y numeros,C 87,,,,,,
65,00003509,Letras y numeros,C 93,,,,,,
66,00003510,Letras y numeros,C 96,,,,,,
67,00003511,Letras y numeros,C 97,,,,,,
68,00003512,Letras y numeros,C 114,,,,,,
69,00003513,Letras y numeros,C 116,,,,,,
70,00003514,Letras y numeros,C 117,,,,,,
71,00003515,Letras y numeros,C 119,,,N,,,24/02/2022
72,00003516,Letras y numeros,C 124,,,,,,
73,00003517,Letras y numeros,C 131,,,,,,
74,00003518,Letras y numeros,C 149,,,,,,
75,00003519,Letras y numeros,C 402,,,,,,
76,00003520,Letras y numeros,C 408,,,,,,
77,00003521,Letras y numeros,C 411,,,,,,
78,00003522,Letras y numeros,C 502,,,,,,
79,00003523,Letras y numeros,C 503,,,,,,
80,00003524,Letras y numeros,C 505,,,,,,
81,00003525,Letras y numeros,C 602,,,,,,
82,00003526,Letras y numeros,C 603,,,,,,
83,00003527,Letras y numeros,C 609,,,,,,
84,00003528,Letras y numeros,C 610/2,,,,,,
85,00003529,Letras y numeros,C 642,,,,,,
86,00003530,Letras y numeros,C 704,,,,,,
87,00003532,Letras y numeros,C 711,,,,,,
88,00003533,Letras y numeros,C 711/1,,,,,,
89,00003534,Letras y numeros,C 712/10,,,,,,
90,00003535,Letras y numeros,C 713,,,,,,
91,00003536,Letras y numeros,C 713/10,,,,,,
92,00003537,Letras y numeros,C 718,,,N,,,31/08/2017
93,00003538,Letras y numeros,C 722,,,,,,
94,00003540,Letras y numeros,C 737,,,,,,
95,00003541,Letras y numeros,C 744,,,,,,
96,00003543,Letras y numeros,C 803,,,,,,
97,00003544,Letras y numeros,C 805,,,,,,
98,00003545,Letras y numeros,C 808,,,,,,
99,00003546,Letras y numeros,C 809,,,,,,
100,00003547,Letras y numeros,C 810x,,,,,,
101,00003548,Letras y numeros,C 811,,,N,,,12/08/2013
102,00003549,Letras y numeros,C 812,,,,,,
103,00003550,Letras y numeros,C 812/10,,,,,,
104,00003551,Letras y numeros,C 814/10,,,,,,
105,00003552,Letras y numeros,C 816/1,N,,,,,14/09/2021
106,00003553,Letras y numeros,C 822,,,,,,
107,00003556,Letras y numeros,C 829,,,,,,
108,00003559,Letras y numeros,C 845,,,,,,
109,00003560,Letras y numeros,C 903,,,N,,,04/03/2014
110,00003561,Letras y numeros,C 904,,,,,,
111,00003562,Letras y numeros,C 905,,,,,,
112,00003563,Letras y numeros,C 906,,,N,S,,21/02/2020
113,00003564,Letras y numeros,C 907,,,,,,
114,00003565,Letras y numeros,C 911,,,N,,,14/07/2012
115,00003566,Letras y numeros,C 911X-2,,,,,,
116,00003567,Letras y numeros,C 912,,,,,,
117,00003568,Letras y numeros,C 914,,,,,,
118,00003569,Letras y numeros,C 915,,,,,,
119,00003570,Letras y numeros,C 919,,,N,,,25/06/2015
120,00003571,Letras y numeros,C 920,,,,,,
121,00003572,Letras y numeros,C 930,,,,,,
122,00003573,Letras y numeros,C 939,,S,,,,
123,00003575,Letras y numeros,C 940,,,,,,
124,00003576,Letras y numeros,C 941,,,N,,,
125,00003578,Letras y numeros,C 944,,,,,,
126,00003581,Letras y numeros,C 957,,,,,,
127,00003582,Letras y numeros,C 1010,,,,,,
128,00003583,Letras y numeros,C 1017,,,,,,
129,00003584,Letras y numeros,C 1022,,,,,,
130,00003585,Letras y numeros,C 1024,,,,,,
131,00003586,Letras y numeros,C 1038,,,,,,
132,00003588,Letras y numeros,C 1038/10,,,,,,
133,00003589,Letras y numeros,C 1040,,,,,,
134,00003591,Letras y numeros,C 1043/1,,,,,,
135,00003592,Letras y numeros,C 1045,,N,N,,,31/05/2019
136,00003593,Letras y numeros,C 1045,,,,,,
137,00003594,Letras y numeros,C 1049,,,,,,
138,00003595,Letras y numeros,C 1051,,,,,,
139,00003596,Letras y numeros,C 1077,,,,S,,
140,00003598,Letras y numeros,C 1090,,,,,,
141,00003599,Letras y numeros,C 1090,,,N,,,21/01/2019
142,00003600,Letras y numeros,C 1104,,,,,,
143,00003601,Letras y numeros,C 1105,,,,,,
144,00003602,Letras y numeros,C 1108,,,,,,
145,00003603,Letras y numeros,C 1108/1,,,,,,
146,00003604,Letras y numeros,C 1109,,,N,S,,20/09/2021
147,00003605,Letras y numeros,C 1110,,,S,,,
148,00003606,Letras y numeros,C 1111/1,,,,,,
149,00003608,Letras y numeros,C 1112/2,,,,,,
150,00003610,Letras y numeros,C 1114,,,,,,
151,00003611,Letras y numeros,C 1115,,,,,,
152,00003612,Letras y numeros,C 1116,,,,,,
153,00003613,Letras y numeros,C 1117,,,,,,
154,00003614,Letras y numeros,C 1118,,,,,,
155,00003615,Letras y numeros,C 1118/5,,,,,,
156,00003616,Letras y numeros,C 1119,,,,,,
157,00003617,Letras y numeros,C 1120,,,,,,
158,00003618,Letras y numeros,C 1120/5,,,,,,
159,00003619,Letras y numeros,C 1121,,N,N,,,10/08/2022
160,00003620,Letras y numeros,C 1123,,,,,,
161,00003621,Letras y numeros,C 1124,,,,,,
162,00003623,Letras y numeros,C 1125,,S,N,,,24/09/2019
163,00003624,Letras y numeros,C 1126,,,,,,
164,00003625,Letras y numeros,C 1127,,,N,,,05/11/2011
165,00003626,Letras y numeros,C 1128,,,,,,
166,00003627,Letras y numeros,C 1129,,,,,,
167,00003628,Letras y numeros,C 1131,,,,,,
168,00003629,Letras y numeros,C 1131/10,,,,,,
169,00003630,Letras y numeros,C 1132/10,,,,,,
170,00003631,Letras y numeros,C 1133,,,,,,
171,00003632,Letras y numeros,C 1134,,,,,,
172,00003633,Letras y numeros,C 1135,,,N,,,05/10/2020
173,00003634,Letras y numeros,C 1138,,,,S,,
174,00003637,Letras y numeros,C 1150,,,,S,,
175,00003638,Letras y numeros,C 1157/2,,,N,S,,09/10/2019
176,00003644,Letras y numeros,C 1175,,,,,,
177,00003646,Letras y numeros,C 1176,,,,,,
178,00003649,Letras y numeros,C 1185,,,,,,
179,00003650,Letras y numeros,C 1186,,,,,,
180,00003653,Letras y numeros,C 1195,,,,,,
181,00003654,Letras y numeros,C 1198,,,,,,
182,00003655,Letras y numeros,C 1205,,N,,,,
183,00003656,Letras y numeros,C 1206,,,,,,
184,00003657,Letras y numeros,C 1207,,,,,,
185,00003658,Letras y numeros,C 1212,,,,,,
186,00003659,Letras y numeros,C 1213,,,,,,
187,00003661,Letras y numeros,C 1243,,N,,,,05/04/2014
188,00003662,Letras y numeros,C 1249,,,,,,
189,00003663,Letras y numeros,C 1254,,N,N,,,06/02/2017
190,00003664,Letras y numeros,C 1261,,,,,,
191,00003667,Letras y numeros,C 1263,,,,,,
192,00003668,Letras y numeros,C 1270,,,,,,
193,00003671,Letras y numeros,C 1277,,,,,,
194,00003676,Letras y numeros,C 1296,,,,,,
195,00003678,Letras y numeros,C 1311,,,,,,
196,00003679,Letras y numeros,C 1312,,,,,,
197,00003681,Letras y numeros,C 1316,,,,,,
198,00003682,Letras y numeros,C 1323,,,N,,,27/07/2013
199,00003683,Letras y numeros,C 1327,,,,,,
200,00003684,Letras y numeros,C 1327/1,,,,,,
201,00003685,Letras y numeros,C 1337,,,,,,
202,00003686,Letras y numeros,C 1338,,,,,,
203,00003687,Letras y numeros,C 1338/1,,,,,,
204,00003688,Letras y numeros,C 1340,,,N,,,16/01/2019
205,00003689,Letras y numeros,C 1344,,,,,,
206,00003691,Letras y numeros,C 1368,,,,,,
207,00003692,Letras y numeros,C 1370,,N,,,,21/03/2016
208,00003693,Letras y numeros,C 1370/1,,,,,,
209,00003694,Letras y numeros,C 1371,,,N,S,17/11/2011,
210,00003698,Letras y numeros,C 1381,,,,,,
211,00003699,Letras y numeros,C 1383,,,,,,
212,00003701,Letras y numeros,C 1394/1,,,,,,
213,00003702,Letras y numeros,C 1397,,,,,,
214,00003704,Letras y numeros,C 1411,,,,,,
215,00003705,Letras y numeros,C 1413,,,N,,,19/07/2013
216,00003707,Letras y numeros,C 1417,,,N,,,23/03/2016
217,00003712,Letras y numeros,C 1434,,,,,,
218,00003714,Letras y numeros,C 1441,,,N,,,21/01/2014
219,00003715,Letras y numeros,C 1448,,,,,,
220,00003716,Letras y numeros,C 1449,,,,,,
221,00003717,Letras y numeros,C 1450,,,,,,
222,00003718,Letras y numeros,C 1451,,,,,,
223,00003720,Letras y numeros,C 1465,,,,,,
224,00003723,Letras y numeros,C 1469,,,,,,
225,00003725,Letras y numeros,C 1472,,,N,,,29/03/2019
226,00003726,Letras y numeros,C 1478/10,,,,,,
227,00003727,Letras y numeros,C 1489,,,N,,,06/11/2015
228,00003729,Letras y numeros,C 1511,,,,,,
229,00003730,Letras y numeros,C 1513,,,,,,
230,00003731,Letras y numeros,C 1517,,,N,,,16/08/2021
231,00003732,Letras y numeros,C 1519,,,N,,,23/10/2021
232,00003733,Letras y numeros,C 1519/1,,,,,,
233,00003734,Letras y numeros,C 1520,,S,,,,21/01/2015
234,00003735,Letras y numeros,C 1521,,,,,,
235,00003737,Letras y numeros,C 1523,,,,,,
236,00003738,Letras y numeros,C 1528/5,,,,,,
237,00003739,Letras y numeros,C 1529/1,,,,,,
238,00003740,Letras y numeros,C 1534,,,,,,
239,00003741,Letras y numeros,C 1535/1,,,N,,,22/04/2022
240,00003742,Letras y numeros,C 1540,,,N,,19/10/2017,
241,00003743,Letras y numeros,C 1544,,,,,,
242,00003744,Letras y numeros,C 1552,,,,,,
243,00003745,Letras y numeros,C 1555/1,,,,,,
244,00003746,Letras y numeros,C 1555/4,,,,,,
245,00003747,Letras y numeros,C 1557,,,,,,
246,00003749,Letras y numeros,C 1567,,,,,,
247,00003751,Letras y numeros,C 1572,,,,,,
248,00003752,Letras y numeros,C 1574,,,,,,
249,00003753,Letras y numeros,C 1577/1,,,,,,
250,00003754,Letras y numeros,C 1587,,,,,,
251,00003756,Letras y numeros,C 1589/1,,,,,,
252,00003759,Letras y numeros,C 1594,,,,S,,
253,00003762,Letras y numeros,C 1596/10,,,,,,
254,00003763,Letras y numeros,C 1598,,,,,,
255,00003764,Letras y numeros,C 1610,,,,,,
256,00003766,Letras y numeros,C 1620,,,,,,
257,00003767,Letras y numeros,C 1632,,,,,,
258,00003769,Letras y numeros,C 1639,,,,,,
259,00003770,Letras y numeros,C 1640,,,,,,
260,00003771,Letras y numeros,C 1642/5,,,,,,
261,00003772,Letras y numeros,C 1647,,,,,,
262,00003773,Letras y numeros,C 1649,,,,,,
263,00003775,Letras y numeros,C 1682,,,,,,
264,00003777,Letras y numeros,C 1685,,,,,,
265,00003778,Letras y numeros,C 1720,,,,,,
266,00003780,Letras y numeros,C 1725,,,N,S,,04/07/2019
267,00003781,Letras y numeros,C 1732,,,,,,
268,00003783,Letras y numeros,C 1735,,,,,,
269,00003784,Letras y numeros,C 1737,,,,,,
270,00003785,Letras y numeros,C 1741,,,N,,,13/09/2013
271,00003786,Letras y numeros,C 1747,,,,,,
272,00003787,Letras y numeros,C 1750,,,,,,
273,00003788,Letras y numeros,C 1751,,,N,,,05/03/2021
274,00003790,Letras y numeros,C 1752,,,,,,
275,00003791,Letras y numeros,C 1753,,,N,,,16/09/2014
276,00003794,Letras y numeros,C 1767,,,,,,
277,00003796,Letras y numeros,C 1773,,,,,,
278,00003799,Letras y numeros,C 1775,,,,,,
279,00003800,Letras y numeros,C 1791,,,,,,
280,00003801,Letras y numeros,C 1796,,,,,,
281,00003802,Letras y numeros,C 1814,,,,,,
282,00003803,Letras y numeros,C 1817,,,,,,
283,00003804,Letras y numeros,C 1819,,,,,,
284,00003805,Letras y numeros,C 1820,,,,,,
285,00003806,Letras y numeros,C 1821,,,,,,
286,00003807,Letras y numeros,C 1822,,,,,,
287,00003809,Letras y numeros,C 1824,,,N,,,12/09/2013
288,00003812,Letras y numeros,C 1830,,,,,,
289,00003814,Letras y numeros,C 1834,,N,N,S,,28/01/2021
290,00003815,Letras y numeros,C 1839,,,,,,
291,00003816,Letras y numeros,C 1842,,,,,,
292,00003817,Letras y numeros,C 1847,,,,,,
293,00003819,Letras y numeros,C 1863,,,,,,
294,00003820,Letras y numeros,C 1870,,,,,,
295,00003822,Letras y numeros,C 1892,,,,,,
296,00003823,Letras y numeros,C 1901,,,,,,
297,00003824,Letras y numeros,C 1908,,,,,,
298,00003825,Letras y numeros,C 1917,,,,,,
299,00003826,Letras y numeros,C 1921,,N,,,,11/08/2014
300,00003827,Letras y numeros,C 1922,,,,,,
301,00003829,Letras y numeros,C 1925,,,N,,,28/11/2015
302,00003831,Letras y numeros,C 1930,,,N,S,,15/05/2018
303,00003832,Letras y numeros,C 1931,,,,,,
304,00003833,Letras y numeros,C 1932,,,,,,
305,00003835,Letras y numeros,C 1935,,,,,,
306,00003837,Letras y numeros,C 1940,,,,S,,
307,00003838,Letras y numeros,C 1940/1,,,,,,
308,00003840,Letras y numeros,C 1948,,,,,,
309,00003841,Letras y numeros,C 1948/1,,,,,,
310,00003842,Letras y numeros,C 1951,,,N,,,28/10/2015
311,00003843,Letras y numeros,C 1972,,S,N,S,,15/09/2022
312,00003844,Letras y numeros,C 1978,,,,,,
313,00003846,Letras y numeros,C 1984,,,,,,
314,00003847,Letras y numeros,C 1985,,,,,,
315,00003848,Letras y numeros,C 1989/1,,,,,,
316,00003851,Letras y numeros,C 2028,,,,,,
317,00003852,Letras y numeros,C 2029,,,,,,
318,00003853,Letras y numeros,C 2033,,N,N,,,22/06/2019
319,00003854,Letras y numeros,C 2039,,N,N,S,,
320,00003855,Letras y numeros,C 2040/1,,,,,,
321,00003858,Letras y numeros,C 2064,,,N,S,,03/11/2021
322,00003859,Letras y numeros,C 2065,,,N,,19/10/2017,
323,00003860,Letras y numeros,C 2066,,,,,,
324,00003861,Letras y numeros,C 2067,,,,,,
325,00003862,Letras y numeros,C 2070,,,,,,
326,00003863,Letras y numeros,C 2073,,,,,,
327,00003865,Letras y numeros,C 2075,,,,,,
328,00003866,Letras y numeros,C 2078,,,,,,
329,00003869,Letras y numeros,C 2088,,,,,,
330,00003870,Letras y numeros,C 2093/1,,,,,,
331,00003871,Letras y numeros,C 2095,,,,,,
332,00003877,Letras y numeros,C 2127,,,,S,,
333,00003883,Letras y numeros,C 2140/1,,,,,,
334,00003884,Letras y numeros,C 2144,,,,,,
335,00003886,Letras y numeros,C 2151,,,,,,
336,00003887,Letras y numeros,C 2154,,,N,,,
337,00003889,Letras y numeros,C 2160,,,,,,
338,00003890,Letras y numeros,C 2180,,,,,,
339,00003892,Letras y numeros,C 2195,,,,,,
340,00003900,Letras y numeros,C 2227,,,N,,,26/05/2020
341,00003902,Letras y numeros,C 2231,,,N,S,,13/06/2019
342,00003903,Letras y numeros,C 2233,,,,,,
343,00003905,Letras y numeros,C 2239,,,,S,,
344,00003906,Letras y numeros,C 2243,,,N,,,26/07/2013
345,00003907,Letras y numeros,C 2248,,,,,,
346,00003910,Letras y numeros,C 2269,,,,,,
347,00003911,Letras y numeros,C 2269x,,,,,,
348,00003912,Letras y numeros,C 2290,,,,,,
349,00003922,Letras y numeros,C 2339/1,,,,,,
350,00003927,Letras y numeros,C 2351,,,,,,
351,00003929,Letras y numeros,C 2354,,,N,,,21/08/2013
352,00003930,Letras y numeros,C 2365,,,,,,
353,00003932,Letras y numeros,C 2373,,,,,,
354,00003934,Letras y numeros,C 2375,,,,,,
355,00003935,Letras y numeros,C 2379,,,,,,
356,00003951,Letras y numeros,C 2446,N,,N,S,,22/01/2021
357,00003952,Letras y numeros,C 2446/1,,,,S,,
358,00003954,Letras y numeros,C 2452/1,,S,,,,04/09/2017
359,00003955,Letras y numeros,C 2455,,,,,,
360,00003956,Letras y numeros,C 2460,,,,,,
361,00003961,Letras y numeros,C 2489,,,,,,
362,00003967,Letras y numeros,C 2528/1,,,,,,
363,00003970,Letras y numeros,C 2534,,,,,,
364,00003973,Letras y numeros,C 2536,,,,S,,
365,00003977,Letras y numeros,C 2543,,N,N,,,19/02/2018
366,00003978,Letras y numeros,C 2544,,,,,,
367,00003981,Letras y numeros,C 2555/2,,,,,,
368,00003982,Letras y numeros,C 2558,,,N,,,07/02/2017
369,00003983,Letras y numeros,C 2558HD,,,,,,
370,00003991,Letras y numeros,C 2576,,,,,,
371,00003993,Letras y numeros,C 2585/10,,,,,,
372,00003994,Letras y numeros,C 2588,,,,,,
373,00004001,Letras y numeros,C 2630,,,,,,
374,00004003,Letras y numeros,C 2632,,,,S,,
375,00004005,Letras y numeros,C 2638,,,,,,
376,00004008,Letras y numeros,C 2641,,,,,,
377,00004009,Letras y numeros,C 2642,,,,,,
378,00004010,Letras y numeros,C 2646,,,,,,
379,00004011,Letras y numeros,C 2647,,,,,,
380,00004014,Letras y numeros,C 2650,,,,,,
381,00004016,Letras y numeros,C 2652,,,,S,,
382,00004022,Letras y numeros,C 2663HD,,,,,,
383,00004026,Letras y numeros,C 2671,,,N,,,24/03/2018
384,00004027,Letras y numeros,C 2673/1,,N,,,,04/02/2014
385,00004029,Letras y numeros,C 2693,,S,,,,17/05/2016
386,00004030,Letras y numeros,C 2694,,N,,S,24/01/2012,
387,00004042,Letras y numeros,C 2799,,,,,,
388,00004045,Letras y numeros,C 2831,,,,,,
389,00004052,Letras y numeros,C 2860/2,,,,,,
390,00004055,Letras y numeros,C 2884HD,,,,,,
391,00004056,Letras y numeros,C 2887,,,,,,
392,00004057,Letras y numeros,C 2890,,,,,,
393,00004058,Letras y numeros,C 2923,,S,N,,08/06/2010,
394,00004061,Letras y numeros,C 2934,,,,S,,
395,00004062,Letras y numeros,C 2935,N,,N,S,,05/07/2021
396,00004064,Letras y numeros,C 2938,,,,,,
397,00004065,Letras y numeros,C 2942,,,,,,
398,00004067,Letras y numeros,C 2951,,,,,,
399,00004068,Letras y numeros,C 2953,,,N,,,
400,00004070,Letras y numeros,C 2957/10,,,,,,
401,00004085,Letras y numeros,C 3042,,,,,,
402,00004086,Letras y numeros,C 3042/1,,,,,,
403,00004087,Letras y numeros,C 3046,,,,,,
404,00004088,Letras y numeros,C 3050,,,N,S,,09/03/2018
405,00004090,Letras y numeros,C 3061,,,N,S,,03/02/2021
406,00004094,Letras y numeros,C 3143/10,,,,,,
407,00004095,Letras y numeros,C 3152,,N,,,22/02/2017,
408,00004096,Letras y numeros,C 3161,,,,,,
409,00004100,Letras y numeros,C 3175/1,,,,,,
410,00004102,Letras y numeros,C 3184,,,,,,
411,00004104,Letras y numeros,C 3224,,,,,,
412,00004107,Letras y numeros,C 3239,,,N,S,,28/05/2015
413,00004108,Letras y numeros,C 3253,,,,,,
414,00004109,Letras y numeros,C 3254,,,,,,
415,00004110,Letras y numeros,C 3255,,,,S,,
416,00004111,Letras y numeros,C 3257,,,,,,
417,00004112,Letras y numeros,C 3260,,,,,,
418,00004115,Letras y numeros,C 3329,,,,S,,
419,00004116,Letras y numeros,C 3336/1,,,,,,
420,00004119,Letras y numeros,C 3361,,,,,,
421,00004122,Letras y numeros,C 3381,,,,,,
422,00004123,Letras y numeros,C 3394,,,,,,
423,00004125,Letras y numeros,C 3451,,,N,,,17/01/2012
424,00004126,Letras y numeros,C 3456,,,,,,
425,00004127,Letras y numeros,C 3463,,,,,,
426,00004128,Letras y numeros,C 3466,,,,,,
427,00004133,Letras y numeros,C 3534,,,,,,
428,00004134,Letras y numeros,C 3553,,,,,,
429,00004135,Letras y numeros,C 3555,,,,,,
430,00004136,Letras y numeros,C 3566,,,,,,
431,00004138,Letras y numeros,C 3669,,,N,,,07/09/2017
432,00004139,Letras y numeros,C 3692,,,,,,
433,00004140,Letras y numeros,C 3698,,,,,,
434,00004141,Letras y numeros,C 3698/2,,,N,,19/10/2017,
435,00004142,Letras y numeros,C 3734/1,,,,,,
436,00004143,Letras y numeros,C 3770,,,,,,
437,00004146,Letras y numeros,C 3871,,,,,,
438,00004150,Letras y numeros,C 4190/1,,,N,,19/10/2017,
439,00004153,Letras y numeros,C 4373/1,,,,,,
440,00004155,Letras y numeros,C 11110,,,,,,
441,00004156,Letras y numeros,C 11136,,,N,,,05/08/2015
442,00004158,Letras y numeros,C 12085,,,,,,
443,00004164,Letras y numeros,C 12108,,,,,,
444,00004165,Letras y numeros,C 12109,,,N,,,27/10/2020
445,00004166,Letras y numeros,C 12110,,,,,,
446,00004167,Letras y numeros,C 12110,,,,,,
447,00004169,Letras y numeros,C 12121,,,,,,
448,00004170,Letras y numeros,C 12262,,,,,,
449,00004171,Letras y numeros,C 13102,,,,,,
450,00004173,Letras y numeros,C 13103/10,,,,,,
451,00004176,Letras y numeros,C 13109,,,,,,
452,00004177,Letras y numeros,C 13110,,S,,,,10/12/2019
453,00004178,Letras y numeros,C 13111,,,N,,,26/10/2011
454,00004184,Letras y numeros,C 13125,,,,,,
455,00004186,Letras y numeros,C 13134,,,,,,
456,00004187,Letras y numeros,C 13135,,,N,,,29/05/2020
457,00004188,Letras y numeros,C 13142,,,,S,,
458,00004189,Letras y numeros,C 13145,,,,,,
459,00004191,Letras y numeros,C 13147,,,,,11/02/2010,
460,00004192,Letras y numeros,C 13148,,,,,,
461,00004194,Letras y numeros,C 13152,,,,,,
462,00004198,Letras y numeros,C 14109,,,,,,
463,00004199,Letras y numeros,C 14121,,,,,,
464,00004201,Letras y numeros,C 14148,,,,,,
465,00004202,Letras y numeros,C 14156,,,,,,
466,00004203,Letras y numeros,C 14166,,,,,,
467,00004204,Letras y numeros,C 14166/1,,,,,,
468,00004211,Letras y numeros,C 14189,,,,,,
469,00004213,Letras y numeros,C 14195,,,,,,
470,00004216,Letras y numeros,C 14201,,,,,,
471,00004217,Letras y numeros,C 14206,,,,,,
472,00004221,Letras y numeros,C 15116,,,,,,
473,00004222,Letras y numeros,C 15116,,,,,,
474,00004223,Letras y numeros,C 15118,,,,,,
475,00004225,Letras y numeros,C 15120,,,,,,
476,00004226,Letras y numeros,C 15121,,,,,,
477,00004227,Letras y numeros,C 15121/1,,,,,,
478,00004228,Letras y numeros,C 15122/10,,,,,,
479,00004230,Letras y numeros,C 15123,,,,,,
480,00004232,Letras y numeros,C 15124/1,,,,,,
481,00004234,Letras y numeros,C 15132,,,,,,
482,00004236,Letras y numeros,C 15144,,,,,,
483,00004238,Letras y numeros,C 15147,,,,,20/04/2010,
484,00004240,Letras y numeros,C 15165,,,,,,
485,00004244,Letras y numeros,C 15248,,,,,,
486,00004248,Letras y numeros,C 16113,,,N,,03/03/2014,
487,00004249,Letras y numeros,C 16121,,,,,,
488,00004258,Letras y numeros,C 16144,,,,,,
489,00004259,Letras y numeros,C 16146,,,,,,
490,00004261,Letras y numeros,C 16147,,,,,,
491,00004263,Letras y numeros,C 16153,,,,,,
492,00004264,Letras y numeros,C 16158,,,,,,
493,00004270,Letras y numeros,C 16164,,,,,,
494,00004271,Letras y numeros,C 16175,,,,,,
495,00004274,Letras y numeros,C 16180,,,,,,
496,00004275,Letras y numeros,C 16181,,,,,,
497,00004276,Letras y numeros,C 16181/1,,,,,,
498,00004278,Letras y numeros,C 16200,,,,,,
499,00004281,Letras y numeros,C 16216,,,,,,
500,00004284,Letras y numeros,C 16223,,,,,,
501,00004285,Letras y numeros,C 16225,,S,,,,
502,00004288,Letras y numeros,C 16226/1,,,,,,
503,00004292,Letras y numeros,C 16247,,,,,,
504,00004293,Letras y numeros,C 16247/1,,,,,,
505,00004295,Letras y numeros,C 16279,,,,,,
506,00004296,Letras y numeros,C 16296,,,N,,,08/11/2012
507,00004298,Letras y numeros,C 16298/1,,,,,,
508,00004300,Letras y numeros,C 16334,,,,,,
509,00004303,Letras y numeros,C 16349,,,,,,
510,00004304,Letras y numeros,C 16349/1,,,,,,
511,00004306,Letras y numeros,C 17100,,,,,,
512,00004308,Letras y numeros,C 17124,,,,,,
513,00004309,Letras y numeros,C 17124,,,,,,
514,00004310,Letras y numeros,C 17129,,,N,,,18/08/2014
515,00004312,Letras y numeros,C 17140,,,,,,
516,00004313,Letras y numeros,C 17146,,,,,,
517,00004314,Letras y numeros,C 17154,,,,,,
518,00004315,Letras y numeros,C 17160,,,N,,,18/04/2018
519,00004317,Letras y numeros,C 17201/2,,,N,,,26/09/2014
520,00004319,Letras y numeros,C 17225,,,N,,,29/12/2015
521,00004321,Letras y numeros,C 17250,,,,,,
522,00004322,Letras y numeros,C 17262,,,,,,
523,00004323,Letras y numeros,C 17262/1,,,,,,
524,00004326,Letras y numeros,C 17341,,,,,,
525,00004327,Letras y numeros,C 17343,,,,,,
526,00004328,Letras y numeros,C 17404/1,,,,,,
527,00004329,Letras y numeros,C 17454,,,,,,
528,00004334,Letras y numeros,C 18200,,,N,,,16/09/2013
529,00004336,Letras y numeros,C 18235,,,,,,
530,00004338,Letras y numeros,C 18253,,,,,,
531,00004340,Letras y numeros,C 18288,,,,,,
532,00004342,Letras y numeros,C 18292,,,,,,
533,00004343,Letras y numeros,C 18304,,,,,,
534,00004345,Letras y numeros,C 18328,,,,,,
535,00004347,Letras y numeros,C 18427,,,,,,
536,00004348,Letras y numeros,C 18435,,,,,,
537,00004350,Letras y numeros,C 18436/1,,,,,,
538,00004352,Letras y numeros,C 19105,,,,,,
539,00004354,Letras y numeros,C 19113,,,,,,
540,00004355,Letras y numeros,C 19118,,,,,,
541,00004359,Letras y numeros,C 19140,,,,,,
542,00004361,Letras y numeros,C 19157,,,,,,
543,00004363,Letras y numeros,C 19159,,,,,,
544,00004365,Letras y numeros,C 19184,,,,,,
545,00004367,Letras y numeros,C 19194,,,,,,
546,00004369,Letras y numeros,C 19198,,,,,,
547,00004371,Letras y numeros,C 19200/1,,,N,,,03/02/2020
548,00004373,Letras y numeros,C 19218,,,,,,
549,00004376,Letras y numeros,C 19297,,,,,,
550,00004379,Letras y numeros,C 19335,,,,,,
551,00004380,Letras y numeros,C 19345,,,,,,
552,00004381,Letras y numeros,C 19377,,,,,,
553,00004382,Letras y numeros,C 19449,,,,,,
554,00004384,Letras y numeros,C 19568,,,,,,
555,00004385,Letras y numeros,C 19610,,,,,,
556,00004386,Letras y numeros,C 19752,,,,,,
557,00004387,Letras y numeros,C 20103,,,,,,
558,00004388,Letras y numeros,C 20105,,,,,,
559,00004389,Letras y numeros,C 20111,,,,,,
560,00004392,Letras y numeros,C 20142,,,,,,
561,00004394,Letras y numeros,C 20161,,,,,,
562,00004396,Letras y numeros,C 20168,,,,,,
563,00004398,Letras y numeros,C 20175,,,,,,
564,00004399,Letras y numeros,C 20187,,,,S,,
565,00004401,Letras y numeros,C 20187/1,,,,,,
566,00004404,Letras y numeros,C 20212/1,,,,,,
567,00004406,Letras y numeros,C 20214,,,,,,
568,00004409,Letras y numeros,C 20270,,,,,,
569,00004415,Letras y numeros,C 20401,,,N,,,19/12/2012
570,00004416,Letras y numeros,C 20436,,,,,,
571,00004417,Letras y numeros,C 20438,,,,,,
572,00004420,Letras y numeros,C 20457/10,,,,,,
573,00004422,Letras y numeros,C 20506,,,,,,
574,00004423,Letras y numeros,C 20514,,,,,,
575,00004424,Letras y numeros,C 20550,,,,,,
576,00004425,Letras y numeros,C 20556,,,,,,
577,00004426,Letras y numeros,C 20855/1,,,,,,
578,00004428,Letras y numeros,C 21138/1,,,,,,
579,00004431,Letras y numeros,C 21185,,,,S,,
580,00004432,Letras y numeros,C 21217,,,,,,
581,00004434,Letras y numeros,C 21229,,,,,,
582,00004435,Letras y numeros,C 21247,,,N,,,21/11/2016
583,00004436,Letras y numeros,C 21259,,,,,,
584,00004439,Letras y numeros,C 21338,,,N,,,
585,00004440,Letras y numeros,C 21402,,,,,,
586,00004441,Letras y numeros,C 21416,,,,,,
587,00004442,Letras y numeros,C 21425,,,N,S,,22/03/2013
588,00004444,Letras y numeros,C 21432,,,N,S,,29/02/2012
589,00004446,Letras y numeros,C 21466,,,,,,
590,00004447,Letras y numeros,C 21480,,,,,,
591,00004449,Letras y numeros,C 21503,,,,,,
592,00004452,Letras y numeros,C 21696,,,,,,
593,00004457,Letras y numeros,C 22205,,,N,,,01/12/2020
594,00004458,Letras y numeros,C 22224,,,,,,
595,00004459,Letras y numeros,C 22228,,,,,,
596,00004461,Letras y numeros,C 22249,N,,,,,
597,00004463,Letras y numeros,C 22300,,,,,,
598,00004464,Letras y numeros,C 22341,,,,,,
599,00004466,Letras y numeros,C 22423,,,,,,
600,00004467,Letras y numeros,C 22439,,,,,,
601,00004468,Letras y numeros,C 22479,,,,,,
602,00004469,Letras y numeros,C 22558,,,,,,
603,00004470,Letras y numeros,C 22595,,,,,,
604,00004471,Letras y numeros,C 22617,,,,,,
605,00004472,Letras y numeros,C 22618,,,,,,
606,00004473,Letras y numeros,C 22663,,,,,,
607,00004474,Letras y numeros,C 22838/1,,,,,,
608,00004475,Letras y numeros,C 22894,,,,,,
609,00004479,Letras y numeros,C 23110,,,,,,
610,00004480,Letras y numeros,C 23112,,S,,,,
611,00004481,Letras y numeros,C 23115,,,,,,
612,00004485,Letras y numeros,C 23135/1,,,,,,
613,00004487,Letras y numeros,C 23174,,,,,,
614,00004488,Letras y numeros,C 23185,,,,,,
615,00004489,Letras y numeros,C 23202,,,,,,
616,00004490,Letras y numeros,C 23203,,,N,,,17/11/2018
617,00004491,Letras y numeros,C 23249/1,,,,,,
618,00004493,Letras y numeros,C 23259,,,,,,
619,00004494,Letras y numeros,C 23290,,,,,,
620,00004495,Letras y numeros,C 23326,,,,,,
621,00004496,Letras y numeros,C 23368,,,,,,
622,00004497,Letras y numeros,C 23411,,,,,,
623,00004498,Letras y numeros,C 23437,,,,,,
624,00004501,Letras y numeros,C 23440/2,,,,,,
625,00004502,Letras y numeros,C 23502,,,,,,
626,00004505,Letras y numeros,C 23551,,,,,,
627,00004507,Letras y numeros,C 23579,,,,,,
628,00004508,Letras y numeros,C 23584,,,,,,
629,00004509,Letras y numeros,C 23585,,,,,,
630,00004511,Letras y numeros,C 23609,,S,,,,16/11/2016
631,00004513,Letras y numeros,C 23626,,,,,,
632,00004515,Letras y numeros,C 23690,,,,,,
633,00004516,Letras y numeros,C 23692,,,,,,
634,00004517,Letras y numeros,C 23725,,,,,,
635,00004518,Letras y numeros,C 23725/1,,,,,,
636,00004520,Letras y numeros,C 23726,,,,,,
637,00004521,Letras y numeros,C 23753,,,,,,
638,00004523,Letras y numeros,C 23904,,,,,,
639,00004524,Letras y numeros,C 23946,,,,,,
640,00004525,Letras y numeros,C 23956,,,,,,
641,00004526,Letras y numeros,C 24124,,,,,,
642,00004528,Letras y numeros,C 24187,,,,,,
643,00004529,Letras y numeros,C 24188,,,,,,
644,00004532,Letras y numeros,C 24250,,,,,,
645,00004533,Letras y numeros,C 24261,,,,,,
646,00004534,Letras y numeros,C 24355,,,,,,
647,00004535,Letras y numeros,C 24363,,,,,,
648,00004536,Letras y numeros,C 24393,,,,,,
649,00004540,Letras y numeros,C 24508,,,,,,
650,00004541,Letras y numeros,C 24516,,N,N,,,03/06/2015
651,00004542,Letras y numeros,C 24524,,,,,,
652,00004543,Letras y numeros,C 24524/1,,,,,,
653,00004544,Letras y numeros,C 24640,,,,,,
654,00004548,Letras y numeros,C 24786,,,,,,
655,00004550,Letras y numeros,C 24855,,,,,,
656,00004551,Letras y numeros,C 24870,,,,,,
657,00004552,Letras y numeros,C 24989,,,,,,
658,00004555,Letras y numeros,C 25114,,,,,,
659,00004556,Letras y numeros,C 25116,,,,,,
660,00004560,Letras y numeros,C 25126/10,,,,,,
661,00004561,Letras y numeros,C 25183,,,,,,
662,00004562,Letras y numeros,C 25187,,,,,,
663,00004563,Letras y numeros,C 25192,,,,,,
664,00004564,Letras y numeros,C 25218,,,,,,
665,00004565,Letras y numeros,C 25601,,,,,,
666,00004566,Letras y numeros,C 25660/1,,,,,,
667,00004567,Letras y numeros,C 25710/3,,,,,,
668,00004568,Letras y numeros,C 25730,,,,,,
669,00004569,Letras y numeros,C 25854,,,,,,
670,00004570,Letras y numeros,C 25860,,,,,,
671,00004571,Letras y numeros,C 25860/3,,,,,,
672,00004574,Letras y numeros,C 26111,,,,,,
673,00004575,Letras y numeros,C 26134,,,,,,
674,00004576,Letras y numeros,C 26136,,,,,,
675,00004577,Letras y numeros,C 26136/1,,,,,,
676,00004579,Letras y numeros,C 26153,,,,,,
677,00004580,Letras y numeros,C 26240,,,,,,
678,00004581,Letras y numeros,C 26315/1,,,,,,
679,00004582,Letras y numeros,C 26315/4,,,,,,
680,00004583,Letras y numeros,C 26392,,,,,,
681,00004584,Letras y numeros,C 26431,,,,,,
682,00004585,Letras y numeros,C 26523,,,,,,
683,00004586,Letras y numeros,C 26548,,,,,,
684,00004587,Letras y numeros,C 26550,,,,,,
685,00004588,Letras y numeros,C 26596,,,,,,
686,00004589,Letras y numeros,C 26690,,,,,,
687,00004590,Letras y numeros,C 26773,,,,,,
688,00004591,Letras y numeros,C 26790,,,N,,,12/05/2015
689,00004593,Letras y numeros,C 26853,,,,,26/04/2010,
690,00004594,Letras y numeros,C 26887,,,,,,
691,00004595,Letras y numeros,C 26965,,,,,,
692,00004596,Letras y numeros,C 26965/1,,,,,,
693,00004597,Letras y numeros,C 26966,,,,,,
694,00004600,Letras y numeros,C 26996,,,N,,,15/03/2014
695,00004601,Letras y numeros,C 27133,,,,,,
696,00004605,Letras y numeros,C 27272,,,N,,,23/01/2017
697,00004606,Letras y numeros,C 27321,,,,,,
698,00004607,Letras y numeros,C 27344,,,,,,
699,00004608,Letras y numeros,C 27502/1,,,,,,
700,00004609,Letras y numeros,C 27585,,,,,,
701,00004614,Letras y numeros,C 27970,,,,,,
702,00004615,Letras y numeros,C 28107/10,,,,,,
703,00004619,Letras y numeros,C 28248,,,,,,
704,00004620,Letras y numeros,C 28383,,,,,,
705,00004621,Letras y numeros,C 28487,,,,,,
706,00004622,Letras y numeros,C 28554,,,N,,30/07/2013,
707,00004623,Letras y numeros,C 28609,,,,,,
708,00004624,Letras y numeros,C 28684,,,,,,
709,00004626,Letras y numeros,C 28770,,,,,,
710,00004627,Letras y numeros,C 28771,,,,,,
711,00004628,Letras y numeros,C 28781,,,,,,
712,00004634,Letras y numeros,C 29122/1,,,,,,
713,00004635,Letras y numeros,C 29126,,,,,,
714,00004636,Letras y numeros,C 29198,,,N,,,25/06/2022
715,00004637,Letras y numeros,C 29200,,,,,,
716,00004638,Letras y numeros,C 29254,,,,,,
717,00004639,Letras y numeros,C 29289,,,,,,
718,00004640,Letras y numeros,C 29352/1,,,,,,
719,00004641,Letras y numeros,C 29496,,,,,,
720,00004642,Letras y numeros,C 29577,,,,,,
721,00004643,Letras y numeros,C 29624,,,N,,,14/07/2016
722,00004644,Letras y numeros,C 29897,,,,,,
723,00004648,Letras y numeros,C 30133,,,,,,
724,00004650,Letras y numeros,C 30195/2,,,,,,
725,00004651,Letras y numeros,C 30288,,,,,,
726,00004652,Letras y numeros,C 30375,,,,,,
727,00004653,Letras y numeros,C 30414,,,,,,
728,00004654,Letras y numeros,C 30421,,,,,,
729,00004655,Letras y numeros,C 30668,,,,,,
730,00004657,Letras y numeros,C 30703,,,,,,
731,00004658,Letras y numeros,C 30745,,,,,,
732,00004660,Letras y numeros,C 30880,,,,,,
733,00004661,Letras y numeros,C 30880/1,,,,,,
734,00004662,Letras y numeros,C 30945,,,,,,
735,00004663,Letras y numeros,C 31120,,,N,,25/06/2013,
736,00004664,Letras y numeros,C 31126,,,,,,
737,00004666,Letras y numeros,C 31154,,,,,,
738,00004667,Letras y numeros,C 31159,,,,,,
739,00004668,Letras y numeros,C 31190,,,,,,
740,00004671,Letras y numeros,C 31474,,,,,,
741,00004672,Letras y numeros,C 31524,,,,,,
742,00004673,Letras y numeros,C 31700,,,,,,
743,00004674,Letras y numeros,C 31727,,,,,,
744,00004675,Letras y numeros,C 31750,,,N,,15/07/2013,
745,00004676,Letras y numeros,C 31818,,,,,,
746,00004677,Letras y numeros,C 31852,,,,,,
747,00004678,Letras y numeros,C 32120,,,,S,,
748,00004681,Letras y numeros,C 32381,,,,,,
749,00004682,Letras y numeros,C 32549,,,,,,
750,00004683,Letras y numeros,C 32640/1,,,,,,
751,00004684,Letras y numeros,C 32698,,,,,,
752,00004685,Letras y numeros,C 32809,,,,,,
753,00004686,Letras y numeros,C 33130,,S,,,,
754,00004688,Letras y numeros,C 33922,,,,,,
755,00004689,Letras y numeros,C 33981,,,,,,
756,00004692,Letras y numeros,C 34109,,,,,,
757,00004695,Letras y numeros,C 34287,,,,,,
758,00004696,Letras y numeros,C 34430,,,,,,
759,00004697,Letras y numeros,C 34888,,,,,,
760,00004698,Letras y numeros,C 35118,,,,,,
761,00004699,Letras y numeros,C 35632,,,,,,
762,00004701,Letras y numeros,C 36188,,,,,,
763,00004702,Letras y numeros,C 36840,,,,,,
764,00004703,Letras y numeros,C 36840/1,,,,,,
765,00004704,Letras y numeros,C 36998,,,,,,
766,00004706,Letras y numeros,C 37114,,,,,,
767,00004707,Letras y numeros,C 37144,,,,,,
768,00004708,Letras y numeros,C 37145,,,,,,
769,00004710,Letras y numeros,C 37157,,,,,,
770,00004711,Letras y numeros,C 38163/1,,N,,,,13/05/2014
771,00004712,Letras y numeros,C 40174,,,,,,
772,00004713,Letras y numeros,C 40868,,,,,,
773,00004714,Letras y numeros,C 41173,,,,,,
774,00004715,Letras y numeros,C 42098,,,,,,
775,00004717,Letras y numeros,C 48183,,,,,,
776,00004718,Letras y numeros,C 54121,,,,,,
777,00004719,Letras y numeros,C 60345,,,,,,
778,00004720,Letras y numeros,C 221079,,,,,,
779,00004721,Letras y numeros,C 221113,,,,,,
780,00004722,Letras y numeros,C 221380,,,,,,
781,00004723,Letras y numeros,C 261252,,,,,,
782,00004724,Letras y numeros,C 261252/1,,,,,,
783,00004725,Letras y numeros,C 271104,,,,,,
784,00004726,Letras y numeros,C 271170,,,,,,
785,00004727,Letras y numeros,C 271318,,,,,,
786,00004729,Letras y numeros,C 271390,,,,,,
787,00004730,Letras y numeros,C 271520,,,,,,
788,00004731,Letras y numeros,C 271580,,,,,,
789,00004732,Letras y numeros,C 271925,,,,,,
790,00004733,Letras y numeros,C 281012,,N,N,S,,20/12/2013
791,00004734,Letras y numeros,C 281090,,,,,,
792,00004735,Letras y numeros,C 281226,,,,,,
793,00004736,Letras y numeros,C 281265,,,,,,
794,00004737,Letras y numeros,C 281413,,,,,,
795,00004738,Letras y numeros,C 291032/1,,,,,,
796,00004739,Letras y numeros,C 291410/1,,,,,,
797,00004740,Letras y numeros,C 301066,,,,,,
798,00004741,Letras y numeros,C 301094,,,,,,
799,00004742,Letras y numeros,C 301184,,,,,,
800,00004743,Letras y numeros,C 30122,,,,,,
801,00004744,Letras y numeros,C 301221,,,,,,
802,00004745,Letras y numeros,C 301359,,,,,,
803,00004746,Letras y numeros,C 301371,,,,,,
804,00004747,Letras y numeros,C 311032,,,,,,
805,00004748,Letras y numeros,C 311093/1,,,,,,
806,00004749,Letras y numeros,C 311160,,,,,,
807,00004750,Letras y numeros,C 311165,,,,,,
808,00004752,Letras y numeros,C 311226/1,,,,,,
809,00004753,Letras y numeros,C 311256,,,,,,
810,00004754,Letras y numeros,C 311276,,,,,,
811,00004755,Letras y numeros,C 311311,,,,,,
812,00004756,Letras y numeros,C 311352,,,N,,17/01/2017,
813,00004757,Letras y numeros,C 311440,,,,,,
814,00004758,Letras y numeros,C 311460,,,,,,
815,00004759,Letras y numeros,C 311461,,,,,,
816,00004760,Letras y numeros,C 311512,,,,,,
817,00004761,Letras y numeros,C 311590/1,,,,,,
818,00004762,Letras y numeros,C 311592,,,,,,
819,00004763,Letras y numeros,C 311641,,,,,,
820,00004764,Letras y numeros,C 311645,,,,,,
821,00004765,Letras y numeros,C 321160,,,N,,,02/04/2015
822,00004766,Letras y numeros,C 321500,,,,,,
823,00004767,Letras y numeros,C 321594,,,,,,
824,00004768,Letras y numeros,C 331015,,,,,,
825,00004769,Letras y numeros,C 331023,,,,,,
826,00004770,Letras y numeros,C 331053,,,,,,
827,00004771,Letras y numeros,C 331296,,,,,,
828,00004772,Letras y numeros,C 331300,,,,,,
829,00004773,Letras y numeros,C 331305,N,,N,S,21/08/2018,
830,00004774,Letras y numeros,C 331456,,,,,,
831,00004775,Letras y numeros,C 331465,,,,,,
832,00004776,Letras y numeros,C 331600/1,,,,,,
833,00004777,Letras y numeros,C 331605,,,,,,
834,00004778,Letras y numeros,C 331825,,,,,,
835,00004779,Letras y numeros,C 331825/1,,,,,,
836,00004780,Letras y numeros,C 331840,,,,,,
837,00004781,Letras y numeros,C 331912,,,,,,
838,00004782,Letras y numeros,C 331929,,,,,,
839,00004783,Letras y numeros,C 332139,,,,,,
840,00004784,Letras y numeros,C 332225,,,,,,
841,00004785,Letras y numeros,C 351039,,,,,,
842,00004786,Letras y numeros,C 351177,,,,,,
843,00004787,Letras y numeros,C 351592,,,,,,
844,00004788,Letras y numeros,C 351850,,,,,,
845,00004789,Letras y numeros,C 352194,,,,,,
846,00004790,Letras y numeros,C 361125,,,,,,
847,00004791,Letras y numeros,C 371053,,,,,,
848,00004792,Letras y numeros,C 371774,,,,,,
849,00004793,Letras y numeros,C 381723,,,,,,
850,00004794,Letras y numeros,C 402070,,,,,,
851,00004795,Letras y numeros,C 411776,,,,,,
852,00004797,Letras y numeros,C 421404,,,,,,
853,00004798,Letras y numeros,C 452666,,,,,,
854,00004799,Letras y numeros,C 453265,,,,,,
855,00004800,Letras y numeros,C 481047,,,,,,
856,00004801,Letras y numeros,C 641500,,,,,,
857,00004807,Letras y numeros,CF 504,,,,,,
858,00004809,Letras y numeros,CF 604,,,,,,
859,00004810,Letras y numeros,CF 604/1,,,,,,
860,00004812,Letras y numeros,CF 606,,,N,,,16/12/2014
861,00004814,Letras y numeros,CF 630,,,,,,
862,00004816,Letras y numeros,CF 705,,,,,,
863,00004819,Letras y numeros,CF 711,,,,,,
864,00004824,Letras y numeros,CF 807,,,,,,
865,00004825,Letras y numeros,CF 808,,,,,,
866,00004826,Letras y numeros,CF 811,,,,,,
867,00004829,Letras y numeros,CF 830,,,,,,
868,00004833,Letras y numeros,CF 908/1,,S,N,,24/09/2012,
869,00004835,Letras y numeros,CF 908/3,,,,,,
870,00004836,Letras y numeros,CF 910,,,,,,
871,00004837,Letras y numeros,CF 915,,,,,,
872,00004840,Letras y numeros,CF 923,,,N,,,04/07/2012
873,00004843,Letras y numeros,CF 930,,,,,,
874,00004847,Letras y numeros,CF 1112,,,,,,
875,00004848,Letras y numeros,CF 1122,,,N,,,05/03/2018
876,00004849,Letras y numeros,CF 1125,,,,,,
877,00004850,Letras y numeros,CF 1133,,,,,,
878,00004852,Letras y numeros,CF 1210,,,,,,
879,00004853,Letras y numeros,CF 1212,,,N,,,21/10/2016
880,00004857,Letras y numeros,CF 1313,,,,,,
881,00004860,Letras y numeros,CF 1514,,,,,,
882,00004862,Letras y numeros,CF 1600,,,N,,,01/03/2013
883,00004865,Letras y numeros,CF 2100/1,,,,,,
884,00004866,Letras y numeros,CF 2135,,,,,,
885,00004868,Letras y numeros,CU 2149,,,,,,
886,00004869,Letras y numeros,CU 2316,,,,,,
887,00004872,Letras y numeros,CU 2430,,,,,,
888,00004873,Letras y numeros,CU 2525,,,,,,
889,00004874,Letras y numeros,CU 2745,,,N,,,11/07/2014
890,00004875,Letras y numeros,CU 2861,,,,,,
891,00004876,Letras y numeros,CU 2882,,,,,,
892,00004877,Letras y numeros,CU 2897,,,,,,
893,00004878,Letras y numeros,CU 2939,,,,,,
894,00004879,Letras y numeros,CU 2940,,,,,,
895,00004880,Letras y numeros,CU 3054,,,N,,28/02/2017,
896,00004881,Letras y numeros,CU 3059,,,,,,
897,00004882,Letras y numeros,CU 3337,,,N,,,17/10/2011
898,00004883,Letras y numeros,CU 3340,,,,,,
899,00004884,Letras y numeros,CU 3435,,,,,,
900,00004885,Letras y numeros,CU 3562,,N,,,,22/07/2022
901,00004886,Letras y numeros,CU 3858,,,,,,
902,00004887,Letras y numeros,CU 4007,,,,,,
903,00004888,Letras y numeros,CU 4251,,,N,,,15/05/2018
904,00004895,Letras y numeros,H 54,,,,,,
905,00004896,Letras y numeros,H 55,,,,,,
906,00004897,Letras y numeros,H 56,,,,,,
907,00004898,Letras y numeros,H 57,,,,,,
908,00004899,Letras y numeros,H 61,,,,,,
909,00004900,Letras y numeros,H 66/10,,,,,,
910,00004901,Letras y numeros,H 76,,,,,,
911,00004902,Letras y numeros,H 50,,,N,,,14/05/2018
912,00004903,Letras y numeros,H 51,,,,,,
913,00004904,Letras y numeros,H 52,,,,,,
914,00004905,Letras y numeros,H 53,,,,,,
915,00004906,Letras y numeros,H 57,,,,,,
916,00004907,Letras y numeros,H 58,,,,,,
917,00004908,Letras y numeros,H 63,,,,,,
918,00004909,Letras y numeros,H 64x,,,,,,
919,00004910,Letras y numeros,H 65,,,,,,
920,00004911,Letras y numeros,H 66x,,,,,,
921,00004912,Letras y numeros,H 67,,,N,,,02/05/2014
922,00004913,Letras y numeros,H 68,,,,,,
923,00004914,Letras y numeros,H 69,,,,,,
924,00004915,Letras y numeros,H 79,,,,,,
925,00004916,Letras y numeros,H 88,,,,,,
926,00004917,Letras y numeros,H 182,,,,,,
927,00004918,Letras y numeros,H 203,,,,,,
928,00004919,Letras y numeros,H 406,,,,,,
929,00004920,Letras y numeros,H 407,,,,,,
930,00004921,Letras y numeros,H 409,,,,,,
931,00004922,Letras y numeros,H 410,,,,,,
932,00004923,Letras y numeros,H 506,S,,,,,
933,00004924,Letras y numeros,H 513,,,,,,
934,00004925,Letras y numeros,H 601,,,,,,
935,00004927,Letras y numeros,H 601n,,,,,,
936,00004928,Letras y numeros,H 609,,,,,,
937,00004929,Letras y numeros,H 610,,,,,,
938,00004930,Letras y numeros,H 611,,,N,,,30/05/2017
939,00004931,Letras y numeros,H 611/10,,,,,,
940,00004932,Letras y numeros,H 612,,N,N,,,06/04/2022
941,00004934,Letras y numeros,H 614n,,,N,,,15/01/2016
942,00004935,Letras y numeros,H 614x,,,,,,
943,00004937,Letras y numeros,H 616/10,,,,,,
944,00004938,Letras y numeros,H 617n,,,,,,
945,00004939,Letras y numeros,H 621,,,,,,
946,00004940,Letras y numeros,H 622,,,,,,
947,00004941,Letras y numeros,H 625,,,,,,
948,00004942,Letras y numeros,H 631,,,N,,,27/05/2015
949,00004943,Letras y numeros,H 660,,,,,,
950,00004944,Letras y numeros,H 710,,,,,,
951,00004945,Letras y numeros,H 710/5,,,,,,
952,00004947,Letras y numeros,H 713x,,,N,,,05/07/2022
953,00004949,Letras y numeros,H 716/10,,,,,,
954,00004950,Letras y numeros,H 716x,,N,N,,,
955,00004951,Letras y numeros,H 717,,,,,,
956,00004952,Letras y numeros,H 717/1,,,,,,
957,00004953,Letras y numeros,H 718/10,,,,,,
958,00004954,Letras y numeros,H 719/10,,,,,,
959,00004955,Letras y numeros,H 720/10,,,N,,,01/12/2017
960,00004956,Letras y numeros,H 720x,,,,,,
961,00004957,Letras y numeros,H 721,,,,,,
962,00004958,Letras y numeros,H 723,,N,,,,10/05/2022
963,00004959,Letras y numeros,H 724,,,,,,
964,00004960,Letras y numeros,H 725,,,,,,
965,00004961,Letras y numeros,H 726/10,,,,,,
966,00004962,Letras y numeros,H 726x,,,,,,
967,00004965,Letras y numeros,H 728,,,,,,
968,00004966,Letras y numeros,H 729,,,,,,
969,00004967,Letras y numeros,H 729/10,,S,,,,14/09/2017
970,00004968,Letras y numeros,H 730x,,,,,,
971,00004969,Letras y numeros,H 737,,,,,,
972,00004970,Letras y numeros,H 746,,,,,,
973,00004971,Letras y numeros,H 749,,,,,,
974,00004972,Letras y numeros,H 804/10x,,,,,,
975,00004973,Letras y numeros,H 804d,,,,,,
976,00004974,Letras y numeros,H 804x,,,N,,,29/03/2017
977,00004975,Letras y numeros,H 805,,,,,,
978,00004976,Letras y numeros,H 807,,,,,,
979,00004977,Letras y numeros,H 809,,,,,,
980,00004978,Letras y numeros,H 811,,,N,,,31/08/2013
981,00004981,Letras y numeros,H 813x,,,,,,
982,00004982,Letras y numeros,H 813x,,,N,,,17/06/2019
983,00004983,Letras y numeros,H 814,,,,,,
984,00004984,Letras y numeros,H 816/5,,,,,,
985,00004986,Letras y numeros,H 816x,,N,N,,,05/04/2018
986,00004987,Letras y numeros,H 817,,,,,,
987,00004989,Letras y numeros,H 818/5,,,,,,
988,00004991,Letras y numeros,H 819n,,,N,,,24/08/2013
989,00004994,Letras y numeros,H 822/1x,,,,,,
990,00004997,Letras y numeros,H 824/11,,,N,,,
991,00004998,Letras y numeros,H 824/15,,,,,,
992,00004999,Letras y numeros,H 824/1x,,,,,,
993,00005000,Letras y numeros,H 825/1,,S,N,,,22/01/2014
994,00005002,Letras y numeros,H 826,,,,,,
995,00005003,Letras y numeros,H 827,,,,,,
996,00005004,Letras y numeros,H 828,,,,,,
997,00005005,Letras y numeros,H 828/10,,,,,,
998,00005006,Letras y numeros,H 828/5,,,,,,
999,00005007,Letras y numeros,H 829,,,,,,
1000,00005008,Letras y numeros,H 829/3,,,N,,,19/12/2013
1001,00005010,Letras y numeros,H 831x,,,,,,
1002,00005011,Letras y numeros,H 833,,,,,,
1003,00005012,Letras y numeros,H 834,,,,,,
1004,00005013,Letras y numeros,H 837,,,,,,
1005,00005014,Letras y numeros,H 838,,,,,,
1006,00005015,Letras y numeros,H 841,,,,,,
1007,00005016,Letras y numeros,H 845,,,,,,
1008,00005017,Letras y numeros,H 846,,S,,,,02/10/2018
1009,00005018,Letras y numeros,H 849/10,,,,,,
1010,00005019,Letras y numeros,H 853,,,,,,
1011,00005020,Letras y numeros,H 854x,,,N,,,27/07/2013
1012,00005021,Letras y numeros,H 909,,,,,,
1013,00005022,Letras y numeros,H 910/2,,,,,,
1014,00005024,Letras y numeros,H 914,,,N,,,16/11/2015
1015,00005025,Letras y numeros,H 914/10,,,,,,
1016,00005027,Letras y numeros,H 916x,N,,N,,,
1017,00005028,Letras y numeros,H 919,,,,,,
1018,00005030,Letras y numeros,H 921/20,,,,,,
1019,00005031,Letras y numeros,H 921/30,,,,,,
1020,00005033,Letras y numeros,H 922/1x,,,,,,
1021,00005034,Letras y numeros,H 923x,,,,,,
1022,00005035,Letras y numeros,H 924,,,,,,
1023,00005036,Letras y numeros,H 925/1x,,,,,,
1024,00005037,Letras y numeros,H 926,,,N,,,24/10/2011
1025,00005039,Letras y numeros,H 928/1t,,,,,,
1026,00005040,Letras y numeros,H 929x,,,,,,
1027,00005041,Letras y numeros,H 930,,,,S,,
1028,00005042,Letras y numeros,H 930/15x,,N,,,,29/07/2014
1029,00005043,Letras y numeros,H 930/3x,,,,,,
1030,00005044,Letras y numeros,H 932,,,,,,
1031,00005046,Letras y numeros,H 933,,S,N,,,06/01/2014
1032,00005047,Letras y numeros,H 934/1,,,,,,
1033,00005048,Letras y numeros,H 934/10,,,,,,
1034,00005049,Letras y numeros,H 936/1x,,,N,,,22/12/2020
1035,00005050,Letras y numeros,H 937/50,,,,,,
1036,00005051,Letras y numeros,H 938,,,,,,
1037,00005052,Letras y numeros,H 938/10,,,,,,
1038,00005053,Letras y numeros,H 938/50,,,,,,
1039,00005056,Letras y numeros,H 941/5,,,,,,
1040,00005057,Letras y numeros,H 941x,,,N,,,04/07/2016
1041,00005058,Letras y numeros,H 944/10,,,,,,
1042,00005059,Letras y numeros,H 944/5,,,,,,
1043,00005060,Letras y numeros,H 945x,,,,,,
1044,00005061,Letras y numeros,H 946,,,,,,
1045,00005064,Letras y numeros,H 948x,,,N,,,09/11/2021
1046,00005065,Letras y numeros,H 949/10,,,,,,
1047,00005066,Letras y numeros,H 949/15,,,,,,
1048,00005067,Letras y numeros,H 950,,,,,,
1049,00005069,Letras y numeros,H 953x,,,,,,
1050,00005070,Letras y numeros,H 963,,,,,,
1051,00005071,Letras y numeros,H 976,,,,,,
1052,00005072,Letras y numeros,H 976/1,,,,,,
1053,00005073,Letras y numeros,H 983,,,,,,
1054,00005074,Letras y numeros,H 992,,,N,,,23/05/2013
1055,00005075,Letras y numeros,H 1008,,,,S,,
1056,00005076,Letras y numeros,H 1011,,,,,,
1057,00005077,Letras y numeros,H 1012,,,N,,,08/02/2018
1058,00005078,Letras y numeros,H 1012t,,,N,,,01/06/2019
1059,00005079,Letras y numeros,H 1013x,,,,,,
1060,00005080,Letras y numeros,H 1017n,,,,,,
1061,00005081,Letras y numeros,H 1018/2n,,,,,,
1062,00005082,Letras y numeros,H 1023,,,,,,
1063,00005083,Letras y numeros,H 1026,,,N,,,30/10/2020
1064,00005085,Letras y numeros,H 1029/1n,,,,,,
1065,00005086,Letras y numeros,H 1031,,,,,,
1066,00005089,Letras y numeros,H 1033/3,,,,,,
1067,00005091,Letras y numeros,H 1034/3x,,,,,,
1068,00005092,Letras y numeros,H 1035,,,N,,,26/02/2016
1069,00005095,Letras y numeros,H 1041,,,N,,,29/09/2021
1070,00005096,Letras y numeros,H 1042/2,,,,,,
1071,00005097,Letras y numeros,H 1043/11,,,,,,
1072,00005098,Letras y numeros,H 1044x,,,,,,
1073,00005099,Letras y numeros,H 1045/10,,,,,,
1074,00005100,Letras y numeros,H 1045/15,,,,,,
1075,00005101,Letras y numeros,H 1046,,,,,,
1076,00005102,Letras y numeros,H 1048t,,,,,,
1077,00005103,Letras y numeros,H 1049/1,,,,,,
1078,00005104,Letras y numeros,H 1050/2,,,,,,
1079,00005105,Letras y numeros,H 1050x,,,,,,
1080,00005106,Letras y numeros,H 1052/8,,,,,,
1081,00005107,Letras y numeros,H 1052x,,,,,,
1082,00005108,Letras y numeros,H 1053/2n,,,,,,
1083,00005110,Letras y numeros,H 1054x,,,N,,,17/06/2014
1084,00005111,Letras y numeros,H 1056,,,,,,
1085,00005112,Letras y numeros,H 1060,,,,,,
1086,00005113,Letras y numeros,H 1060n,,,N,,,08/04/2013
1087,00005114,Letras y numeros,H 1061,,,,,,
1088,00005115,Letras y numeros,H 1065/2,,,,,,
1089,00005116,Letras y numeros,H 1067/1x,,,,,,
1090,00005117,Letras y numeros,H 1068/2,,,,,,
1091,00005118,Letras y numeros,H 1069x,,,,,,
1092,00005119,Letras y numeros,H 1072/11x,,,,,,
1093,00005120,Letras y numeros,H 1073,,,,,,
1094,00005121,Letras y numeros,H 1074,,,N,,,03/02/2016
1095,00005122,Letras y numeros,H 1075x,,,,,,
1096,00005123,Letras y numeros,H 1076x,,,,,,
1097,00005124,Letras y numeros,H 1081,,,,,,
1098,00005125,Letras y numeros,H 1089,,,,,,
1099,00005126,Letras y numeros,H 1089/1,,,,,,
1100,00005127,Letras y numeros,H 1099,,,,,,
1101,00005128,Letras y numeros,H 1122x,,,N,,,09/05/2016
1102,00005129,Letras y numeros,H 1132,,,,,,
1103,00005130,Letras y numeros,H 1137,,,,,,
1104,00005131,Letras y numeros,H 1142,,,,,,
1105,00005132,Letras y numeros,H 1144,,,,,,
1106,00005136,Letras y numeros,H 1150,,,,,,
1107,00005137,Letras y numeros,H 1153,,,,,,
1108,00005138,Letras y numeros,H 1154,,,,S,,
1109,00005139,Letras y numeros,H 1155,,,,,,
1110,00005140,Letras y numeros,H 1162x,,,N,,,25/09/2017
1111,00005141,Letras y numeros,H 1163x,,,,,,
1112,00005142,Letras y numeros,H 1164/10,,,,,,
1113,00005144,Letras y numeros,H 1165,,,,,,
1114,00005145,Letras y numeros,H 1165/1,,,,,,
1115,00005146,Letras y numeros,H 1166,,,,,,
1116,00005147,Letras y numeros,H 1168x,,,,,,
1117,00005148,Letras y numeros,H 1171,,,,,,
1118,00005149,Letras y numeros,H 1172,,,,,,
1119,00005150,Letras y numeros,H 1175/10,,,,,,
1120,00005151,Letras y numeros,H 1176,,,,,,
1121,00005152,Letras y numeros,H 1184,,,,,,
1122,00005153,Letras y numeros,H 1186x,,,,,,
1123,00005154,Letras y numeros,H 1187,,,,,,
1124,00005155,Letras y numeros,H 1191x,,,,,,
1125,00005156,Letras y numeros,H 1194x,,,,,,
1126,00005157,Letras y numeros,H 1198x,,,,,,
1127,00005158,Letras y numeros,H 1199,,,,,,
1128,00005159,Letras y numeros,H 1243,,N,,,,
1129,00005160,Letras y numeros,H 1244,,,,,,
1130,00005161,Letras y numeros,H 1247x,,,,,,
1131,00005162,Letras y numeros,H 1248,,,,,,
1132,00005163,Letras y numeros,H 1255,,,,,,
1133,00005164,Letras y numeros,H 1258/1,,,N,,,21/03/2017
1134,00005166,Letras y numeros,H 1262,,,,,,
1135,00005169,Letras y numeros,H 1273,,,,,,
1136,00005171,Letras y numeros,H 1276/20,,,,,,
1137,00005172,Letras y numeros,H 1277/10,,,,,,
1138,00005173,Letras y numeros,H 1279,,,,,,
1139,00005174,Letras y numeros,H 1279/1,,,,,,
1140,00005175,Letras y numeros,H 1281x,,,,,,
1141,00005177,Letras y numeros,H 1286/1,,,,,,
1142,00005178,Letras y numeros,H 1290/1,,,,,,
1143,00005179,Letras y numeros,H 1290/10,,,,,,
1144,00005180,Letras y numeros,H 1291/1,,,,,,
1145,00005181,Letras y numeros,H 1295,,,,,,
1146,00005182,Letras y numeros,H 1307,,,,,,
1147,00005183,Letras y numeros,H 1334x,,,,,,
1148,00005184,Letras y numeros,H 1344,,,,,,
1149,00005185,Letras y numeros,H 1346x,,,,,,
1150,00005186,Letras y numeros,H 1356,,,,,,
1151,00005187,Letras y numeros,H 1360,,,,,,
1152,00005188,Letras y numeros,H 1361x,N,,,,,
1153,00005190,Letras y numeros,H 1365x,,,,,,
1154,00005191,Letras y numeros,H 1375,,,,,,
1155,00005192,Letras y numeros,H 1382,,,,,,
1156,00005193,Letras y numeros,H 1386,,,,,,
1157,00005194,Letras y numeros,H 1386/5,,,,,,
1158,00005195,Letras y numeros,H 1394,,,,,,
1159,00005196,Letras y numeros,H 1395x,,,,,,
1160,00005198,Letras y numeros,H 1460,,,,,,
1161,00005199,Letras y numeros,H 1464,,,,,,
1162,00005200,Letras y numeros,H 1471/10,,,,,,
1163,00005201,Letras y numeros,H 1496,,,,,,
1164,00005202,Letras y numeros,H 1497/0x,S,,,,,
1165,00005203,Letras y numeros,H 1497/1,,,N,,,22/08/2014
1166,00005204,Letras y numeros,H 1497/1x,,,,,,
1167,00005205,Letras y numeros,H 1538,,,,,,
1168,00005206,Letras y numeros,H 1565/1,,,,,,
1169,00005207,Letras y numeros,H 1582,,,,,,
1170,00005208,Letras y numeros,H 1599,,,,,,
1171,00005209,Letras y numeros,H 1664,,,,S,,
1172,00005210,Letras y numeros,H 1686,,,,,,
1173,00005211,Letras y numeros,H 1734,,,,,,
1174,00005212,Letras y numeros,H 1796,,,,,,
1175,00005213,Letras y numeros,H 3010X,,,,,,
1176,00005214,Letras y numeros,H 3230x,,,,,,
1177,00005215,Letras y numeros,H 7124,,,,,,
1178,00005216,Letras y numeros,H 10101,,,,,,
1179,00005217,Letras y numeros,H 10113,,,,,,
1180,00005218,Letras y numeros,H 10124,,,,,,
1181,00005219,Letras y numeros,H 10143,,,,,,
1182,00005220,Letras y numeros,H 11100,,,,,,
1183,00005221,Letras y numeros,H 11103,,,,,,
1184,00005222,Letras y numeros,H 11106/1x,,,,,,
1185,00005223,Letras y numeros,H 11109/1,,,,,,
1186,00005224,Letras y numeros,H 11130,,,,,,
1187,00005225,Letras y numeros,H 11142,,,,,,
1188,00005226,Letras y numeros,H 11180,,,,,,
1189,00005229,Letras y numeros,H 12105d,,S,,,,20/04/2017
1190,00005230,Letras y numeros,H 12105n,,,,,,
1191,00005232,Letras y numeros,H 12106,,,,,,
1192,00005233,Letras y numeros,H 12107,,,,,,
1193,00005234,Letras y numeros,H 12107/2,,,,,,
1194,00005237,Letras y numeros,H 12116,,,,,,
1195,00005238,Letras y numeros,H 12122,,,,,,
1196,00005239,Letras y numeros,H 12151,,,,,,
1197,00005240,Letras y numeros,H 13104,,,,,,
1198,00005241,Letras y numeros,H 13104/1,,,,,,
1199,00005242,Letras y numeros,H 13110,,,,,,
1200,00005243,Letras y numeros,H 13118x,,,,,,
1201,00005244,Letras y numeros,H 13122,,,,,,
1202,00005245,Letras y numeros,H 13127,,,N,,13/03/2013,
1203,00005246,Letras y numeros,H 13129x,,,,,,
1204,00005247,Letras y numeros,H 13135,,,,,,
1205,00005248,Letras y numeros,H 14106x,,,,,,
1206,00005249,Letras y numeros,H 14111/1,,,,,,
1207,00005250,Letras y numeros,H 14151,,,,,,
1208,00005251,Letras y numeros,H 15103,,,,,,
1209,00005252,Letras y numeros,H 15111/2,,,,,,
1210,00005253,Letras y numeros,H 15123,,,,,,
1211,00005254,Letras y numeros,H 15124,,,,,,
1212,00005255,Letras y numeros,H 15129,,,,,,
1213,00005256,Letras y numeros,H 15138,,,,,,
1214,00005257,Letras y numeros,H 15160,,,,,,
1215,00005258,Letras y numeros,H 15168,,,,,,
1216,00005259,Letras y numeros,H 15185,,,,,,
1217,00005261,Letras y numeros,H 15190/11,,,,,,
1218,00005262,Letras y numeros,H 15190/16,,,,,,
1219,00005263,Letras y numeros,H 15202,,,,,,
1220,00005264,Letras y numeros,H 15220x,,,,,,
1221,00005265,Letras y numeros,H 15222/2,,,,,,
1222,00005266,Letras y numeros,H 15223,,,,,,
1223,00005267,Letras y numeros,H 15239,,,,,,
1224,00005268,Letras y numeros,H 15263,,,,,,
1225,00005269,Letras y numeros,H 15290,,,,,,
1226,00005270,Letras y numeros,H 15323,,,,,,
1227,00005271,Letras y numeros,H 16103,,,,,,
1228,00005272,Letras y numeros,H 16164,,,,,,
1229,00005273,Letras y numeros,H 16198,,,,,,
1230,00005274,Letras y numeros,H 16543,,,,,,
1231,00005275,Letras y numeros,H 17036,,,,,,
1232,00005276,Letras y numeros,H 17036/1,,,,,,
1233,00005277,Letras y numeros,H 17160,,,,,,
1234,00005278,Letras y numeros,H 17192,,,,,,
1235,00005279,Letras y numeros,H 17238,,,,,,
1236,00005280,Letras y numeros,H 17250,,,,,,
1237,00005281,Letras y numeros,H 17307,,,,,,
1238,00005282,Letras y numeros,H 18112,,,,,,
1239,00005283,Letras y numeros,H 18180,,,,,,
1240,00005284,Letras y numeros,H 18265,,,,,,
1241,00005285,Letras y numeros,H 18286,,S,N,,,22/08/2012
1242,00005286,Letras y numeros,H 19245,,,,,,
1243,00005287,Letras y numeros,H 19545,,,,,,
1244,00005288,Letras y numeros,H 20337,,,,,,
1245,00005289,Letras y numeros,H 20337/1,,,,,,
1246,00005290,Letras y numeros,H 20440,,,,,,
1247,00005291,Letras y numeros,H 21105x,,,,,,
1248,00005292,Letras y numeros,HD 31,,,N,,,
1249,00005293,Letras y numeros,HD 44,,,,,,
1250,00005294,Letras y numeros,HD 53,,,,,,
1251,00005295,Letras y numeros,HD 48,,,,,,
1252,00005296,Letras y numeros,HD 54,,,,,,
1253,00005297,Letras y numeros,HD 54/1,,,,,,
1254,00005298,Letras y numeros,HD 55,,,,,,
1255,00005299,Letras y numeros,HD 61,,,,,,
1256,00005300,Letras y numeros,HD 68,,,,,,
1257,00005301,Letras y numeros,HD 71,,,,,,
1258,00005302,Letras y numeros,HD 85,,,,,,
1259,00005303,Letras y numeros,HD 403,,,,,,
1260,00005304,Letras y numeros,HD 407,,,,,,
1261,00005305,Letras y numeros,HD 503,,,,,,
1262,00005306,Letras y numeros,HD 505,,,,,,
1263,00005307,Letras y numeros,HD 505/1,,,,,,
1264,00005308,Letras y numeros,HD 507/1,,,,,,
1265,00005309,Letras y numeros,HD 508,,,,,,
1266,00005310,Letras y numeros,HD 509,,,,,,
1267,00005311,Letras y numeros,HD 511,,,,,,
1268,00005312,Letras y numeros,HD 603,,,,,,
1269,00005313,Letras y numeros,HD 604,,,,,,
1270,00005314,Letras y numeros,HD 606,,,,,,
1271,00005315,Letras y numeros,HD 606/1,,,,,,
1272,00005316,Letras y numeros,HD 609,,,N,,,15/10/2011
1273,00005317,Letras y numeros,HD 612,,,N,,01/06/2017,
1274,00005318,Letras y numeros,HD 615,,,,,,
1275,00005319,Letras y numeros,HD 614,,,,,,
1276,00005320,Letras y numeros,HD 617,,,,,,
1277,00005321,Letras y numeros,HD 619,,,,,,
1278,00005322,Letras y numeros,HD 624,,,,,,
1279,00005323,Letras y numeros,HD 704,,,,,,
1280,00005324,Letras y numeros,HD 705,,,,,,
1281,00005325,Letras y numeros,HD 705/10,,,,,,
1282,00005326,Letras y numeros,HD 706,,,,,30/07/2010,
1283,00005327,Letras y numeros,HD 707,,,,,,
1284,00005328,Letras y numeros,HD 708,,,,,,
1285,00005329,Letras y numeros,HD 709,,,,,,
1286,00005330,Letras y numeros,HD 711,,,,,,
1287,00005331,Letras y numeros,HD 714,,,,,,
1288,00005332,Letras y numeros,HD 725,,,,,,
1289,00005333,Letras y numeros,HD 802,,,,,,
1290,00005334,Letras y numeros,HD 804,,,,,,
1291,00005335,Letras y numeros,HD 808,,,,,,
1292,00005336,Letras y numeros,HD 811,,,,,,
1293,00005337,Letras y numeros,HD 816,,,,,,
1294,00005338,Letras y numeros,HD 817x,,,,,,
1295,00005339,Letras y numeros,HD 817/1,,,,,,
1296,00005340,Letras y numeros,HD 817/2,,,,,,
1297,00005342,Letras y numeros,HD 825,,,,,,
1298,00005343,Letras y numeros,HD 830,,,,,,
1299,00005344,Letras y numeros,HD 833,,,,,,
1300,00005345,Letras y numeros,HD 865,,,,,,
1301,00005346,Letras y numeros,HD 867,,,,,,
1302,00005347,Letras y numeros,HD 868,,,,,,
1303,00005348,Letras y numeros,HD 868/1,,,,,,
1304,00005349,Letras y numeros,HD 904,,,,,,
1305,00005350,Letras y numeros,HD 904/10,,,,,,
1306,00005351,Letras y numeros,HD 908,,,,,,
1307,00005352,Letras y numeros,HD 914,,,,,,
1308,00005353,Letras y numeros,HD 916,,,,,,
1309,00005354,Letras y numeros,HD 921,,,,,,
1310,00005355,Letras y numeros,HD 925,,,,,,
1311,00005356,Letras y numeros,HD 931,,,,,,
1312,00005357,Letras y numeros,HD 932,,,,,,
1313,00005358,Letras y numeros,HD 938x,,,,,,
1314,00005359,Letras y numeros,HD 939,,,,,,
1315,00005360,Letras y numeros,HD 954x,,,,,,
1316,00005361,Letras y numeros,HD 960,,,,,,
1317,00005362,Letras y numeros,HD 976,,,,,,
1318,00005363,Letras y numeros,HD 1012,,,N,,,
1319,00005364,Letras y numeros,HD 1012/1,,,,,,
1320,00005365,Letras y numeros,HD 1019,,,,,,
1321,00005366,Letras y numeros,HD 1020,,,,,,
1322,00005367,Letras y numeros,HD 1021,,,,,,
1323,00005368,Letras y numeros,HD 1022,,,,,,
1324,00005369,Letras y numeros,HD 1029x,,,,,,
1325,00005370,Letras y numeros,HD 1030,,,,,,
1326,00005371,Letras y numeros,HD 1031,,,,,,
1327,00005372,Letras y numeros,HD 1031/1,,,,,,
1328,00005373,Letras y numeros,HD 1032,,,,,,04/01/2010
1329,00005374,Letras y numeros,HD 1033,,,,,,
1330,00005375,Letras y numeros,HD 1034,,,,,,
1331,00005376,Letras y numeros,HD 1039,,,,,,
1332,00005377,Letras y numeros,HD 1040,,,N,,,04/01/2022
1333,00005378,Letras y numeros,HD 1042,,,,,,
1334,00005379,Letras y numeros,HD 1052,,,,,,
1335,00005380,Letras y numeros,HD 1053,,,,,,
1336,00005381,Letras y numeros,HD 1064,,,,,,
1337,00005382,Letras y numeros,HD 1087,,,,,,
1338,00005383,Letras y numeros,HD 1110,,,,,,
1339,00005384,Letras y numeros,HD 1119,,,,,,
1340,00005385,Letras y numeros,HD 1121,,,,,,
1341,00005386,Letras y numeros,HD 1144,,,,,,
1342,00005387,Letras y numeros,HD 1150,,,,,,
1343,00005388,Letras y numeros,HD 1163,,,,,,
1344,00005389,Letras y numeros,HD 1168,,,,,,
1345,00005390,Letras y numeros,HD 1187,,,,,,
1346,00005391,Letras y numeros,HD 1197,,,,,,
1347,00005392,Letras y numeros,HD 1208,,,,,,
1348,00005393,Letras y numeros,HD 1212,,,,,,
1349,00005394,Letras y numeros,HD 1243,,,,,,
1350,00005395,Letras y numeros,HD 1251,,,N,,,03/03/2014
1351,00005396,Letras y numeros,HD 1267,,,,,,
1352,00005397,Letras y numeros,HD 1310,,,,,,
1353,00005398,Letras y numeros,HD 1313,,,,,,
1354,00005399,Letras y numeros,HD 1322,,,,,,
1355,00005400,Letras y numeros,HD 1327,,,,,,
1356,00005401,Letras y numeros,HD 1348,,,,,,
1357,00005402,Letras y numeros,HD 1352,,,,,,
1358,00005403,Letras y numeros,HD 1386,,,,,,
1359,00005404,Letras y numeros,HD 1436,,,,,,
1360,00005405,Letras y numeros,HD 1455,,,,,,
1361,00005406,Letras y numeros,HD 1457,,,,,,
1362,00005407,Letras y numeros,HD 1497,,,,,,
1363,00005408,Letras y numeros,HD 1497/1,,,,,,
1364,00005409,Letras y numeros,HD 1510,,,,,,
1365,00005410,Letras y numeros,HD 1525,,,,,,
1366,00005411,Letras y numeros,HD 1602,,,,,,
1367,00005412,Letras y numeros,HD 2719,,,,,,
1368,00005413,Letras y numeros,HD 11115,,,,,,
1369,00005414,Letras y numeros,HD 13122,,,,,,
1370,00005415,Letras y numeros,HD 14101,,,,,,
1371,00005416,Letras y numeros,HD 14127,,,,,,
1372,00005417,Letras y numeros,HD 15114,,,,,,
1373,00005418,Letras y numeros,HD 15122,,,,,,
1374,00005419,Letras y numeros,HD 15135,,N,,,,
1375,00005420,Letras y numeros,HD 15422,,,,,,
1376,00005421,Letras y numeros,HD 17311,,,,,,
1377,00005422,Letras y numeros,HD 20147,,,,,,
1378,00005454,Letras y numeros,HU 925/4,,,N,,06/12/2014,
1379,00005456,Letras y numeros,HU 934/1x,,,,,,
1380,00005457,Letras y numeros,HU 938/4x,,,,,,
1381,00005461,Letras y numeros,P 21,,,,,,
1382,00005462,Letras y numeros,P 22,,,,,,
1383,00005463,Letras y numeros,P 31,,,,,,
1384,00005464,Letras y numeros,P 31/10,,,,,,
1385,00005465,Letras y numeros,P 32,,,,,,
1386,00005467,Letras y numeros,P 34,,,,,,
1387,00005468,Letras y numeros,P 35,,,,,,
1388,00005469,Letras y numeros,P 41,,,,,,
1389,00005470,Letras y numeros,P 41/1,,N,,,,16/02/2021
1390,00005471,Letras y numeros,P 42/1,,,,,,
1391,00005472,Letras y numeros,P 43,,,,,,
1392,00005473,Letras y numeros,P 43/10,,,,,,
1393,00005474,Letras y numeros,P 43/5,,S,,,,
1394,00005475,Letras y numeros,P 44,,,,,,
1395,00005476,Letras y numeros,P 44/10,,,,,,
1396,00005477,Letras y numeros,P 45,,,,,,
1397,00005479,Letras y numeros,P 46/1,,,,,,
1398,00005480,Letras y numeros,P 47,,,,,,
1399,00005481,Letras y numeros,P 48,,,,,,
1400,00005482,Letras y numeros,P 49,,,,,,
1401,00005483,Letras y numeros,P 49/1,,,,,,
1402,00005484,Letras y numeros,P 52,,,N,,,21/11/2013
1403,00005485,Letras y numeros,P 54,,,,,,
1404,00005486,Letras y numeros,P 54/10,,,,,,
1405,00005487,Letras y numeros,P 55,,,,,,
1406,00005488,Letras y numeros,P 55/10,,,,,,
1407,00005489,Letras y numeros,P 56,,,,,,
1408,00005490,Letras y numeros,P 57/10,,,,,,
1409,00005491,Letras y numeros,P 67/10x,,,,,,
1410,00005492,Letras y numeros,P 67x,,,,,,
1411,00005493,Letras y numeros,P 68,,,,,,
1412,00005494,Letras y numeros,P 85,,,,,,
1413,00005495,Letras y numeros,P 89/10,,,,,,
1414,00005496,Letras y numeros,P 512,,,N,,,29/11/2014
1415,00005497,Letras y numeros,P 606,,,,,,
1416,00005498,Letras y numeros,P 608,,,N,,,28/09/2017
1417,00005499,Letras y numeros,P 609,,,,,,
1418,00005500,Letras y numeros,P 610x,,,,,,
1419,00005503,Letras y numeros,P 708x,,,,,,
1420,00005504,Letras y numeros,P 711/11,,,N,,29/03/2012,
1421,00005506,Letras y numeros,P 712/5,,,,,,
1422,00005507,Letras y numeros,P 712x,,,,,,
1423,00005508,Letras y numeros,P 713,,,,,,
1424,00005513,Letras y numeros,P 717x,,,,,,
1425,00005514,Letras y numeros,P 718,,,,,,
1426,00005515,Letras y numeros,P 718/1x,,,N,S,18/11/2011,
1427,00005517,Letras y numeros,P 722,,N,N,,,04/05/2017
1428,00005518,Letras y numeros,P 723,,,N,,,18/02/2014
1429,00005519,Letras y numeros,P 724x,,,,,,
1430,00005520,Letras y numeros,P 726x,,,N,,,15/10/2013
1431,00005521,Letras y numeros,P 730x,,,N,,,12/07/2013
1432,00005523,Letras y numeros,P 746,,,,,,
1433,00005524,Letras y numeros,P 803,,,,,,
1434,00005527,Letras y numeros,P 810/3x,,,N,,,26/05/2017
1435,00005530,Letras y numeros,P 815n,,,,,,
1436,00005531,Letras y numeros,P 816,,,,,,
1437,00005533,Letras y numeros,P 818/5,,,,,,
1438,00005534,Letras y numeros,P 819,,,,,,
1439,00005535,Letras y numeros,P 822x,N,,,,,12/02/2019
1440,00005536,Letras y numeros,P 823/10,,,,,,
1441,00005537,Letras y numeros,P 824/10,,,N,,,26/05/2014
1442,00005539,Letras y numeros,P 825/1v,,,,,,
1443,00005540,Letras y numeros,P 825/5x,,,,,,
1444,00005541,Letras y numeros,P 825n,,,,,,
1445,00005542,Letras y numeros,P 825t,,,,,,
1446,00005543,Letras y numeros,P 826/10,,,,,,
1447,00005544,Letras y numeros,P 915n,,,,,,
1448,00005546,Letras y numeros,P 916/6x,,,N,,,19/03/2018
1449,00005547,Letras y numeros,P 916/7x,,,,,,
1450,00005548,Letras y numeros,P 917/20x,,,N,,,06/10/2017
1451,00005551,Letras y numeros,P 921/2x,,,,,,
1452,00005552,Letras y numeros,P 923/1x,,,,,,
1453,00005553,Letras y numeros,P 926,,,,,,
1454,00005554,Letras y numeros,P 932x,,,,,,
1455,00005555,Letras y numeros,P 934,,,,,,
1456,00005556,Letras y numeros,P 935,,,,,,
1457,00005557,Letras y numeros,P 936x,,,,,,
1458,00005558,Letras y numeros,P 937x,,,,,,
1459,00005559,Letras y numeros,P 938x,,N,,,,27/08/2014
1460,00005560,Letras y numeros,P 939/1x,,,,,,
1461,00005562,Letras y numeros,P 940x,,,,,,
1462,00005564,Letras y numeros,P 947,,,,,,
1463,00005565,Letras y numeros,P 948/1,,,,,,
1464,00005567,Letras y numeros,P 950/10x,,N,,,,
1465,00005568,Letras y numeros,P 950x,,,,,,
1466,00005569,Letras y numeros,P 1012x,,,,S,,
1467,00005570,Letras y numeros,P 1015f,,,,,,
1468,00005571,Letras y numeros,P 1015n,,,,,,
1469,00005572,Letras y numeros,P 1015x,,,,,,
1470,00005573,Letras y numeros,P 1018/1,,,,,,
1471,00005574,Letras y numeros,P 1025/1x,,,N,,,24/08/2021
1472,00005575,Letras y numeros,P 1025f,,,N,,,09/04/2013
1473,00005576,Letras y numeros,P 1025n,,,,,,
1474,00005578,Letras y numeros,P 1036,,,,,,
1475,00005579,Letras y numeros,P 1044,,,,,,
1476,00005580,Letras y numeros,P 1075,,,,,,
1477,00005581,Letras y numeros,P 1113,,,,,,
1478,00005582,Letras y numeros,P 1130,,,,,,
1479,00005585,Letras y numeros,P 1149,,,,,,
1480,00005586,Letras y numeros,P 1163,,,,,,
1481,00005587,Letras y numeros,P 1165,,,,,,
1482,00005588,Letras y numeros,P 1167,,,,,,
1483,00005591,Letras y numeros,P 1193x,,,N,,,03/03/2018
1484,00005592,Letras y numeros,P 1198,,,,,,
1485,00005593,Letras y numeros,P 1271n,,,,,,
1486,00005594,Letras y numeros,P 1271x,,,,,,
1487,00005595,Letras y numeros,P 1279,,,,S,,
1488,00005596,Letras y numeros,P 1478,,,,,,
1489,00005597,Letras y numeros,P 1478/10,,,,,,
1490,00005598,Letras y numeros,P 1511,,,,,,
1491,00005599,Letras y numeros,P 1517,,,,,,
1492,00005600,Letras y numeros,P 1535/1,,,,,,
1493,00005601,Letras y numeros,P 1535n,,,,,,
1494,00005602,Letras y numeros,P 1545,,,,,,
1495,00005603,Letras y numeros,P 1548,,,,,,
1496,00005604,Letras y numeros,P 1558,,,,,,
1497,00005605,Letras y numeros,P 1564,,,,,,
1498,00005606,Letras y numeros,P 1587,,,,,,
1499,00005607,Letras y numeros,P 11102x,,,,,,
1500,00005608,Letras y numeros,P 10113,,,,,,
1501,00005609,Letras y numeros,P 10120,,,,,,
1502,00005610,Letras y numeros,P 13132,,,,,,
1503,00005611,Letras y numeros,P 14149,,,,,,
1504,00005612,Letras y numeros,P 15140,,,,,,
1505,00005613,Letras y numeros,P 15150x,,,,,,
1506,00005614,Letras y numeros,P 15222,,,,,,
1507,00005615,Letras y numeros,P 15323,,,,,,
1508,00005616,Letras y numeros,P 17427,,,,,,
1509,00005617,Letras y numeros,P 19203,,,,,,
1510,00005618,Letras y numeros,P 22577,,,,,,
1511,00005619,Letras y numeros,PF 815k,,,,,,
1512,00005620,Letras y numeros,PF 915n,,,,,,
1513,00005621,Letras y numeros,PF 925,,,,,,
1514,00005622,Letras y numeros,PF 1025,,,N,,,
1515,00005623,Letras y numeros,PF 1025f,,,,,,
1516,00005624,Letras y numeros,PF 1025n,,,,,,
1517,00005625,Letras y numeros,PF 1025X,,,N,,,07/02/2017
1518,00005626,Letras y numeros,PF 1025t,,,N,,,29/08/2013
1519,00005627,Letras y numeros,PF 1040x,,,N,,,
1520,00005630,Letras y numeros,PF 1140,,,,,,
1521,00005631,Letras y numeros,PF 1155x,,,N,,,06/04/2022
1522,00005633,Letras y numeros,PF 1280,,,,,,
1523,00005634,Letras y numeros,PF 1552,,,N,,,29/11/2013
1524,00005635,Letras y numeros,PF 16190,,,,,,
1525,00005636,Letras y numeros,PF 16200x,,,,,,
1526,00005637,Letras y numeros,PF 16500x,,N,,,,16/09/2021
1527,00005638,Letras y numeros,PF 19226x,,,,,,
1528,00005639,Letras y numeros,PF 19326x,,,,,,
1529,00005648,Letras y numeros,W 67/10,,,N,S,,05/12/2016
1530,00005654,Letras y numeros,W 77/10,,,N,S,,10/06/2016
1531,00005676,Letras y numeros,W 713/50,,,,S,,
1532,00005678,Letras y numeros,W 719,,S,N,S,,11/11/2019
1533,00005692,Letras y numeros,W 818/12,,,N,S,18/05/2020,
1534,00005701,Letras y numeros,W 914/12,,,,S,,
1535,00005712,Letras y numeros,W 920/30,,,N,S,,24/11/2021
1536,00005715,Letras y numeros,W 920/45,,,,S,,
1537,00005717,Letras y numeros,W 920/66,,S,N,S,,01/09/2022
1538,00005723,Letras y numeros,W 927,,,N,S,,17/05/2021
1539,00005728,Letras y numeros,W 930/13,,,,S,,
1540,00005730,Letras y numeros,W 930/30,,,,S,,
1541,00005731,Letras y numeros,W 930/50,,,,S,,
1542,00005759,Letras y numeros,W 950/31,,,,S,,
1543,00005765,Letras y numeros,W 962/9,,,,S,,
1544,00005768,Letras y numeros,W 962/15,,,,S,,
1545,00005769,Letras y numeros,W 962/52,,,,S,,
1546,00005770,Letras y numeros,W 712/7,,,N,S,,12/12/2014
1547,00005772,Letras y numeros,W 1021/10,,,,S,,
1548,00005773,Letras y numeros,W 1021/20,,,,S,,
1549,00005774,Letras y numeros,W 1021/30,S,,N,S,,19/08/2019
1550,00005779,Letras y numeros,W 1122/1,,,N,S,,27/02/2014
1551,00005781,Letras y numeros,W 1126/5,,,,S,,
1552,00005789,Letras y numeros,W 1144,,,N,S,,13/10/2017
1553,00005791,Letras y numeros,W 1158,,,,S,,
1554,00005797,Letras y numeros,W 1168/20,,S,N,S,25/02/2016,
1555,00005800,Letras y numeros,W 1170/10,,,,S,,
1556,00005801,Letras y numeros,W 1172,,,,S,,
1557,00005806,Letras y numeros,W 1275,,,N,S,,23/03/2018
1558,00005808,Letras y numeros,W 1290,,,,S,,
1559,00005809,Letras y numeros,W 1290/1,,,N,S,,
1560,00005812,Letras y numeros,W 1355,,,,S,,
1561,00005814,Letras y numeros,W 1359/1,,,,S,,
1562,00005815,Letras y numeros,W 1361,,,N,S,,04/09/2012
1563,00005817,Letras y numeros,W 1396,,,,S,,
1564,00005823,Letras y numeros,W 11102/9,,,N,S,,09/05/2017
1565,00005836,Letras y numeros,WA 940/2,,,N,,,
1566,00005837,Letras y numeros,WA 940/10,,,N,,,
1567,00005838,Letras y numeros,WA 956,,,N,,,03/02/2016
1568,00005839,Letras y numeros,WA 1113,,,N,,,
1569,00005840,Letras y numeros,WA 1122,,,N,,,
1570,00005841,Letras y numeros,WA 1162,,,N,,,
1571,00005843,Letras y numeros,WD 925,,,N,,,
1572,00005844,Letras y numeros,WD 920,,,N,,,07/02/2023
1573,00005847,Letras y numeros,WD 950/2,,,N,,,
1574,00005848,Letras y numeros,WD 950/3,,,N,,,12/12/2014
1575,00005850,Letras y numeros,WD 962/30,,,N,,18/01/2010,
1576,00005851,Letras y numeros,WD 962/40,,,N,,,
1577,00005852,Letras y numeros,WD 1171,,,N,,,
1578,00005853,Letras y numeros,WD 13145,,N,N,,,17/06/2017
1579,00005854,Letras y numeros,WD 13145/10,,,N,,,
1580,00005855,Letras y numeros,WK 7,,,,S,,
1581,00005856,Letras y numeros,WK 10,,,,S,,
1582,00005865,Letras y numeros,WK 29/33,,N,N,S,,05/02/2019
1583,00005869,Letras y numeros,WK 29/57,,,,S,,
1584,00005875,Letras y numeros,WK 43/8,,,,S,,
1585,00005886,Letras y numeros,WK 76/5,,N,N,S,,08/02/2019
1586,00005917,Letras y numeros,WK 614/4,,,N,S,,16/09/2014
1587,00005938,Letras y numeros,WK 714/20,,,,S,,
1588,00005947,Letras y numeros,WK 756,,,N,S,,09/03/2012
1589,00005951,Letras y numeros,WK 800/2,,,,S,,
1590,00005962,Letras y numeros,WK 842/1,,N,N,S,,30/06/2015
1591,00005967,Letras y numeros,WK 845,,,,S,,
1592,00005969,Letras y numeros,WK 853,,,N,S,,22/03/2013
1593,00005977,Letras y numeros,WK 917/3,,,,S,,
1594,00005982,Letras y numeros,WK 925,,,N,S,23/03/2013,
1595,00005983,Letras y numeros,WK 925/1,,,,S,,
1596,00005994,Letras y numeros,WK 940/33,,,,S,,
1597,00005998,Letras y numeros,WK 945,,,,S,,
1598,00006003,Letras y numeros,WK 950/30,,,N,S,,20/12/2017
1599,00006026,Letras y numeros,WK 1166,,,,S,,
1600,00006028,Letras y numeros,WK 1284,,,,S,,
1601,00006037,Letras y numeros,WP 929,,,N,,,
1602,00006038,Letras y numeros,WP 930,,,N,,,
1603,00006040,Letras y numeros,WP 940,,,N,,,19/10/2011
1604,00006048,Letras y numeros,WP 1156,,,N,S,,09/04/2022
1605,00006051,Letras y numeros,WP 1284,,,N,,,
1606,00006152,Letras y numeros,C 2510/1,,,N,,23/07/2019,
1607,00011451,Letras y numeros,PU 7004z,,,N,,16/04/2019,
1608,00013755,Letras y numeros,C 3307/1,,,N,,23/03/2020,
1609,00014431,Letras y numeros,NO USAR,,,N,,,16/03/2013
1610,00018284,Letras y numeros,PU 7004Z,,,,,,
1611,00020302,Letras y numeros,HU 7012Z,,N,N,,02/08/2021,
1612,00023971,Letras y numeros,CU 2138,,,N,,,15/06/2021
1613,00025108,Solo numeros,25108                                             ,,,,S,,
1614,00025254,Letras y numeros,C 42002,,,N,,11/09/2018,
1615,00029919,Letras y numeros,W 940/69,,,N,,29/09/2022,
1616,00029925,Letras y numeros,C 20106,,,N,,29/09/2022,
1617,00029931,Letras y numeros,WK 52/1,,,N,,29/09/2022,
1618,00029933,Letras y numeros,WK 716/2,,,N,,29/09/2022,
1619,00029934,Letras y numeros,WK 1060/3X,,,N,,29/09/2022,
1620,00031695,Letras y numeros,PU 10023/1Z,,,N,,20/09/2022,
1621,00031700,Letras y numeros,W 712/30,,,N,,05/09/2022,
1622,00036125,Solo numeros,444444444                                         ,,,,,,
1623,00038443,Letras y numeros,W 810/10,,N,,,,12/11/2011
1624,00038988,Solo numeros,1                                                                                                   ,,N,N,S,11/12/2012,
1625,00042115,Solo numeros,1                                                                                                   ,,,N,,25/01/2016,
1626,00042667,Solo numeros,1                                                                                                   ,,N,N,,23/04/2012,
1627,00049734,Letras y numeros,W 712/19,,,S,S,19/08/2021,
1628,00054936,Letras y numeros,H 804,,,N,,24/04/2013,
1629,00055772,Letras y numeros,HU 721/5X,,N,N,,28/05/2013,
1630,00056442,Letras y numeros,WK 8114,,,N,S,30/07/2013,
1631,00060919,Letras y numeros,WK 815/2,,,N,S,01/04/2014,
1632,00061413,Letras y numeros,CF 70062,,N,,,,
1633,00061650,Letras y numeros,WK 820/2X,,,,S,,
1634,00061651,Letras y numeros,WK 820/3X,,,,S,,
1635,00066747,Letras y numeros,C 16237,,S,,,15/11/2016,
1636,00072059,Letras y numeros,C 18255,,,N,,07/03/2018,
1637,00072061,Letras y numeros,C 27050,,,N,,07/03/2018,
1638,00074697,Solo numeros,13070                                             ,,S,,,03/03/2016,30/01/2023
1639,00075869,Letras y numeros,WK 8034,,,S,S,02/03/2020,
1640,00080543,Letras y numeros,C 28213,,,,,,
1641,00080951,Letras y numeros,PU 937X,,,,,,
1642,00082298,Letras y numeros,PU 937,,,N,,24/08/2017,
1643,00083059,Letras y numeros,C 271050,,,,,,
1644,00084986,Letras y numeros,PA 2906,,,,,,
1645,00084987,Letras y numeros,B 7181,,,,,,
1646,00089427,Letras y numeros,WK 9024,,,N,S,03/10/2018,
1647,00090013,Letras y numeros,WK 1124,,,N,S,12/11/2018,
1648,00090014,Letras y numeros,PU 935/6X,,,,,,
1649,00091891,Letras y numeros,C 3459,,,N,,28/10/2019,
1650,00092105,Letras y numeros,NT 27/1,,,,,,
1651,00092216,Letras y numeros,WK 9043,,,N,S,26/01/2023,
1652,00092547,Letras y numeros,WK 10002/1X,,,N,S,15/06/2019,
1653,00098004,Letras y numeros,WK 9053,,,N,S,28/09/2020,
1654,00100160,Letras y numeros,NO USAR,,,,,,
1655,00100347,Letras y numeros,NO USAR,,,,,,
1656,00101669,Letras y numeros,NO USAR,,,,,02/02/2006,
1657,00102377,Letras y numeros,C 630,,,N,,12/01/2023,
1658,00102948,Letras y numeros,WK 1040/1,,,N,S,03/05/2022,
1659,00104178,Letras y numeros,C 30080,,N,N,,22/07/2022,
1660,00104209,Letras y numeros,NO USAR,,,,,21/07/2006,
1661,00106149,Letras y numeros,NO USAR,,,,,09/08/2002,
1662,00106683,Letras y numeros,NO USAR,,,,,19/11/2007,
1663,00106890,Letras y numeros,C 21015,,,N,,26/11/2021,
1664,00107084,Letras y numeros,WK 58/5,,,N,,05/09/2022,
1665,00107539,Letras y numeros,NO USASR,,,,,,
1666,00107638,Letras y numeros,CU 24013,,,N,,05/12/2022,
1667,00107858,Letras y numeros,NO USAR,,,,,07/03/2011,
1668,00107891,Letras y numeros,NO USAR,,,,,,
1669,00107995,Letras y numeros,NO USAR,,,,,28/04/2006,
1670,00107996,Letras y numeros,NO USAR,,,,,,
1671,00108553,Letras y numeros,NO USAR,,,,,13/12/2005,
1672,00108716,Letras y numeros,NO USAR,,,,,,
1673,00108734,Letras y numeros,NO USAR,,,,,,
1674,00108951,Letras y numeros,NO USAR,,,,,13/03/2006,
1675,00109520,Solo numeros,1                                                 ,,,,,03/10/2008,
1676,00109654,Letras y numeros,NO USAR,,,,,,
1677,00109790,Letras y numeros,NO USAR,,,,,27/07/2005,
1678,00109879,Letras y numeros,NO USAR,,,,,09/02/2006,
1679,00109983,Letras y numeros,NO USAR,,,,,12/09/2006,
1680,00110119,Letras y numeros,NO USAR,,,,,21/10/2005,
1681,00110151,Descripcion vacia,Vacio,,,,,,
1682,00110295,Letras y numeros,WK 820/17,,,N,,10/06/2022,
1683,00110903,Letras y numeros,RT 37X12X60UNID.,,,,S,27/08/2021,
1684,00111887,Letras y numeros,HU 613/1,,S,S,,02/09/2022,
1685,00111888,Letras y numeros,WK 8019,,S,,,14/07/2022,
1686,00111941,Letras y numeros,C 24150,,S,S,,23/11/2022,
1687,00113718,Letras y numeros,C 23041,,S,,,18/01/2023,
1688,00200048,Solo numeros,321                                                                                                 ,,,,,,
1689,00200049,Solo numeros,321                                                                                                 ,,,,,,
1690,00200050,Solo numeros,321                                                                                                 ,,,,,,
1691,00200051,Solo numeros,32132                                                                                               ,,,,,,
1692,00200052,Solo numeros,332255                                                                                              ,,,,,,
1693,00200388,Solo numeros,321321                                                                                              ,,,,,,
1694,00200390,Solo numeros,32321321                                                                                            ,,,,,,
1695,00200391,Solo numeros,321321                                                                                              ,,,,,,
1696,00203474,Letras y numeros,PP 2932,,,,,,
1697,00203863,Solo numeros,1                                                                                                   ,,,,,,
1698,00204202,Solo numeros,1                                                                                                   ,,,,,,
1699,00204203,Solo numeros,111                                                                                                 ,,,,,,
1700,00204211,Letras y numeros,PP 3201,,,,,,
1701,00204528,Solo numeros,0                                                                                                   ,,,,,,
1702,00204578,Solo numeros,0                                                                                                   ,,,,,,
1703,00204646,Solo numeros,0                                                                                                   ,,,,,,
1704,00204724,Solo numeros,1                                                                                                   ,,,,,,
1705,00204759,Solo numeros,1                                                                                                   ,,,,,,
1706,00205005,Letras y numeros,RP HYUNDAI,,,,,,
1707,00205332,Letras y numeros,JG ANILLOS,,,,,,
