Codigo,Tipo error,Descripcion,I.Industrial,I.La Serena,I.Matriz,I.Bodega,Ult. fecha compra,Ult.fecha venta
00001472,Descripcion erronea,SDFSD                                             ,,,,,,
00003439,Letras y numeros,BF 606,,,,,,
00003441,Letras y numeros,BF 706,,,N,,,14/07/2014
00003443,Letras y numeros,BF 718,,,N,,,27/10/2011
00003444,Letras y numeros,BF 722,,,,,,
00003447,Letras y numeros,BF 920,,,,,,
00003448,Letras y numeros,BF 1014,,,,,,
00003449,Letras y numeros,BF 1018/1,,,,,,
00003450,Letras y numeros,BF 1021,,,,,,
00003451,Letras y numeros,BF 1121,,,,,,
00003452,Letras y numeros,BF 1121/1,,,,,,
00003453,Letras y numeros,BF 1131,,,,,,
00003454,Letras y numeros,BF 1231,,,,,,
00003455,Letras y numeros,BF 1472,,,,,,
00003456,Letras y numeros,BF 1771,,,,,,
00003457,Letras y numeros,BF 1774,,,,,,
00003458,Letras y numeros,BF 2259,,,,,,
00003459,Letras y numeros,BF 15109,,,,,,
00003460,Letras y numeros,BF 22127,,,,,,
00003461,Letras y numeros,BF 22127/10,,,,,,
00003462,Letras y numeros,BF 22137,,,,,,
00003463,Letras y numeros,BF 22148,,,,,,
00003464,Letras y numeros,BF 22164,,,,,,
00003465,Letras y numeros,C 31,,,,,,
00003466,Letras y numeros,C 31/1,,,,,,
00003467,Letras y numeros,C 32,,,,,,
00003468,Letras y numeros,C 33,,,,,,
00003469,Letras y numeros,C 34,,,,,,
00003470,Letras y numeros,C 35,,,,,,
00003471,Letras y numeros,C 37,,,,,,
00003472,Letras y numeros,C 41,,,,,,
00003473,Letras y numeros,C 41/3,,,,,,
00003474,Letras y numeros,C 42/1,,,,,,
00003475,Letras y numeros,C 42/2,,,,,,
00003476,Letras y numeros,C 43,,,,,,
00003477,Letras y numeros,C 44/2,,,N,,,24/07/2015
00003478,Letras y numeros,C 46,,,,,,
00003479,Letras y numeros,C 48,,,,,,
00003480,Letras y numeros,C 52,,,,,,
00003481,Letras y numeros,C 52/1,,,N,,,
00003482,Letras y numeros,C 53,,,,,,
00003483,Letras y numeros,C 54,,,,,,
00003484,Letras y numeros,C 55,,,,,,
00003485,Letras y numeros,C 63,,,,,,
00003486,Letras y numeros,C 64/1,,,,,,
00003487,Letras y numeros,C 65/10,,,N,,,22/03/2016
00003488,Letras y numeros,C 66,,,,,,
00003489,Letras y numeros,C 66/1,,,,,,
00003490,Letras y numeros,C 69/1,,,N,,,27/11/2014
00003491,Letras y numeros,C 72,,,,,,
00003492,Letras y numeros,C 72/1,,,,,,
00003493,Letras y numeros,C 73,,,,,,
00003494,Letras y numeros,C 74,,,,,,
00003495,Letras y numeros,C 75,,,,,,
00003497,Letras y numeros,C 75/3,,,,,,
00003498,Letras y numeros,C 76/1,,,,,,
00003499,Letras y numeros,C 76/10,,,,,,
00003500,Letras y numeros,C 76/15,,,N,,,29/03/2012
00003501,Letras y numeros,C 76/20,,,,,,
00003502,Letras y numeros,C 76/30,,,,,,
00003503,Letras y numeros,C 77,,,,,,
00003504,Letras y numeros,C 77/2,,,,,,
00003505,Letras y numeros,C 78,,,,,,
00003506,Letras y numeros,C 78/10,,,,,,
00003507,Letras y numeros,C 79/1,,,,,,
00003508,Letras y numeros,C 87,,,,,,
00003509,Letras y numeros,C 93,,,,,,
00003510,Letras y numeros,C 96,,,,,,
00003511,Letras y numeros,C 97,,,,,,
00003512,Letras y numeros,C 114,,,,,,
00003513,Letras y numeros,C 116,,,,,,
00003514,Letras y numeros,C 117,,,,,,
00003515,Letras y numeros,C 119,,,N,,,24/02/2022
00003516,Letras y numeros,C 124,,,,,,
00003517,Letras y numeros,C 131,,,,,,
00003518,Letras y numeros,C 149,,,,,,
00003519,Letras y numeros,C 402,,,,,,
00003520,Letras y numeros,C 408,,,,,,
00003521,Letras y numeros,C 411,,,,,,
00003522,Letras y numeros,C 502,,,,,,
00003523,Letras y numeros,C 503,,,,,,
00003524,Letras y numeros,C 505,,,,,,
00003525,Letras y numeros,C 602,,,,,,
00003526,Letras y numeros,C 603,,,,,,
00003527,Letras y numeros,C 609,,,,,,
00003528,Letras y numeros,C 610/2,,,,,,
00003529,Letras y numeros,C 642,,,,,,
00003530,Letras y numeros,C 704,,,,,,
00003532,Letras y numeros,C 711,,,,,,
00003533,Letras y numeros,C 711/1,,,,,,
00003534,Letras y numeros,C 712/10,,,,,,
00003535,Letras y numeros,C 713,,,,,,
00003536,Letras y numeros,C 713/10,,,,,,
00003537,Letras y numeros,C 718,,,N,,,31/08/2017
00003538,Letras y numeros,C 722,,,,,,
00003540,Letras y numeros,C 737,,,,,,
00003541,Letras y numeros,C 744,,,,,,
00003543,Letras y numeros,C 803,,,,,,
00003544,Letras y numeros,C 805,,,,,,
00003545,Letras y numeros,C 808,,,,,,
00003546,Letras y numeros,C 809,,,,,,
00003547,Letras y numeros,C 810x,,,,,,
00003548,Letras y numeros,C 811,,,N,,,12/08/2013
00003549,Letras y numeros,C 812,,,,,,
00003550,Letras y numeros,C 812/10,,,,,,
00003551,Letras y numeros,C 814/10,,,,,,
00003552,Letras y numeros,C 816/1,N,,,,,14/09/2021
00003553,Letras y numeros,C 822,,,,,,
00003556,Letras y numeros,C 829,,,,,,
00003559,Letras y numeros,C 845,,,,,,
00003560,Letras y numeros,C 903,,,N,,,04/03/2014
00003561,Letras y numeros,C 904,,,,,,
00003562,Letras y numeros,C 905,,,,,,
00003563,Letras y numeros,C 906,,,N,S,,21/02/2020
00003564,Letras y numeros,C 907,,,,,,
00003565,Letras y numeros,C 911,,,N,,,14/07/2012
00003566,Letras y numeros,C 911X-2,,,,,,
00003567,Letras y numeros,C 912,,,,,,
00003568,Letras y numeros,C 914,,,,,,
00003569,Letras y numeros,C 915,,,,,,
00003570,Letras y numeros,C 919,,,N,,,25/06/2015
00003571,Letras y numeros,C 920,,,,,,
00003572,Letras y numeros,C 930,,,,,,
00003573,Letras y numeros,C 939,,S,,,,
00003575,Letras y numeros,C 940,,,,,,
00003576,Letras y numeros,C 941,,,N,,,
00003578,Letras y numeros,C 944,,,,,,
00003581,Letras y numeros,C 957,,,,,,
00003582,Letras y numeros,C 1010,,,,,,
00003583,Letras y numeros,C 1017,,,,,,
00003584,Letras y numeros,C 1022,,,,,,
00003585,Letras y numeros,C 1024,,,N,,,18/02/2023
00003586,Letras y numeros,C 1038,,,,,,
00003588,Letras y numeros,C 1038/10,,,,,,
00003589,Letras y numeros,C 1040,,,,,,
00003591,Letras y numeros,C 1043/1,,,,,,
00003592,Letras y numeros,C 1045,,N,N,,,31/05/2019
00003593,Letras y numeros,C 1045,,,,,,
00003594,Letras y numeros,C 1049,,,,,,
00003595,Letras y numeros,C 1051,,,,,,
00003596,Letras y numeros,C 1077,,,,S,,
00003598,Letras y numeros,C 1090,,,,,,
00003599,Letras y numeros,C 1090,,,N,,,21/01/2019
00003600,Letras y numeros,C 1104,,,,,,
00003601,Letras y numeros,C 1105,,,,,,
00003602,Letras y numeros,C 1108,,,,,,
00003603,Letras y numeros,C 1108/1,,,,,,
00003604,Letras y numeros,C 1109,,,N,S,,20/09/2021
00003605,Letras y numeros,C 1110,,,S,,,
00003606,Letras y numeros,C 1111/1,,,,,,
00003608,Letras y numeros,C 1112/2,,,,,,
00003610,Letras y numeros,C 1114,,,,,,
00003611,Letras y numeros,C 1115,,,,,,
00003612,Letras y numeros,C 1116,,,,,,
00003613,Letras y numeros,C 1117,,,,,,
00003614,Letras y numeros,C 1118,,,,,,
00003615,Letras y numeros,C 1118/5,,,,,,
00003616,Letras y numeros,C 1119,,,,,,
00003617,Letras y numeros,C 1120,,,,,,
00003618,Letras y numeros,C 1120/5,,,,,,
00003619,Letras y numeros,C 1121,,N,N,,,10/08/2022
00003620,Letras y numeros,C 1123,,,,,,
00003621,Letras y numeros,C 1124,,,,,,
00003623,Letras y numeros,C 1125,,S,N,,,24/09/2019
00003624,Letras y numeros,C 1126,,,,,,
00003625,Letras y numeros,C 1127,,,N,,,05/11/2011
00003626,Letras y numeros,C 1128,,,,,,
00003627,Letras y numeros,C 1129,,,,,,
00003628,Letras y numeros,C 1131,,,,,,
00003629,Letras y numeros,C 1131/10,,,,,,
00003630,Letras y numeros,C 1132/10,,,,,,
00003631,Letras y numeros,C 1133,,,,,,
00003632,Letras y numeros,C 1134,,,,,,
00003633,Letras y numeros,C 1135,,,N,,,05/10/2020
00003634,Letras y numeros,C 1138,,,,S,,
00003637,Letras y numeros,C 1150,,,,S,,
00003638,Letras y numeros,C 1157/2,,,N,S,,09/10/2019
00003644,Letras y numeros,C 1175,,,,,,
00003646,Letras y numeros,C 1176,,,,,,
00003649,Letras y numeros,C 1185,,,,,,
00003650,Letras y numeros,C 1186,,,,,,
00003653,Letras y numeros,C 1195,,,,,,
00003654,Letras y numeros,C 1198,,,,,,
00003655,Letras y numeros,C 1205,,N,,,,
00003656,Letras y numeros,C 1206,,,,,,
00003657,Letras y numeros,C 1207,,,,,,
00003658,Letras y numeros,C 1212,,,,,,
00003659,Letras y numeros,C 1213,,,,,,
00003661,Letras y numeros,C 1243,,N,,,,05/04/2014
00003662,Letras y numeros,C 1249,,,,,,
00003663,Letras y numeros,C 1254,,N,N,,,06/02/2017
00003664,Letras y numeros,C 1261,,,,,,
00003667,Letras y numeros,C 1263,,,,,,
00003668,Letras y numeros,C 1270,,,,,,
00003671,Letras y numeros,C 1277,,,,,,
00003676,Letras y numeros,C 1296,,,,,,
00003678,Letras y numeros,C 1311,,,,,,
00003679,Letras y numeros,C 1312,,,,,,
00003681,Letras y numeros,C 1316,,,,,,
00003682,Letras y numeros,C 1323,,,N,,,27/07/2013
00003683,Letras y numeros,C 1327,,,,,,
00003684,Letras y numeros,C 1327/1,,,,,,
00003685,Letras y numeros,C 1337,,,,,,
00003686,Letras y numeros,C 1338,,,,,,
00003687,Letras y numeros,C 1338/1,,,,,,
00003688,Letras y numeros,C 1340,,,N,,,16/01/2019
00003689,Letras y numeros,C 1344,,,,,,
00003691,Letras y numeros,C 1368,,,,,,
00003692,Letras y numeros,C 1370,,N,,,,21/03/2016
00003693,Letras y numeros,C 1370/1,,,,,,
00003694,Letras y numeros,C 1371,,,N,S,17/11/2011,
00003698,Letras y numeros,C 1381,,,,,,
00003699,Letras y numeros,C 1383,,,,,,
00003701,Letras y numeros,C 1394/1,,,,,,
00003702,Letras y numeros,C 1397,,,,,,
00003704,Letras y numeros,C 1411,,,,,,
00003705,Letras y numeros,C 1413,,,N,,,19/07/2013
00003707,Letras y numeros,C 1417,,,N,,,23/03/2016
00003712,Letras y numeros,C 1434,,,,,,
00003714,Letras y numeros,C 1441,,,N,,,21/01/2014
00003715,Letras y numeros,C 1448,,,,,,
00003716,Letras y numeros,C 1449,,,,,,
00003717,Letras y numeros,C 1450,,,,,,
00003718,Letras y numeros,C 1451,,,,,,
00003720,Letras y numeros,C 1465,,,,,,
00003723,Letras y numeros,C 1469,,,,,,
00003725,Letras y numeros,C 1472,,,N,,,29/03/2019
00003726,Letras y numeros,C 1478/10,,,,,,
00003727,Letras y numeros,C 1489,,,N,,,06/11/2015
00003729,Letras y numeros,C 1511,,,,,,
00003730,Letras y numeros,C 1513,,,,,,
00003731,Letras y numeros,C 1517,,,N,,,16/08/2021
00003732,Letras y numeros,C 1519,,,N,,,23/10/2021
00003733,Letras y numeros,C 1519/1,,,,,,
00003734,Letras y numeros,C 1520,,S,,,,21/01/2015
00003735,Letras y numeros,C 1521,,,,,,
00003737,Letras y numeros,C 1523,,,,,,
00003738,Letras y numeros,C 1528/5,,,,,,
00003739,Letras y numeros,C 1529/1,,,,,,
00003740,Letras y numeros,C 1534,,,,,,
00003741,Letras y numeros,C 1535/1,,,N,,,11/02/2023
00003742,Letras y numeros,C 1540,,,N,,19/10/2017,
00003743,Letras y numeros,C 1544,,,,,,
00003744,Letras y numeros,C 1552,,,,,,
00003745,Letras y numeros,C 1555/1,,,,,,
00003746,Letras y numeros,C 1555/4,,,,,,
00003747,Letras y numeros,C 1557,,,,,,
00003749,Letras y numeros,C 1567,,,,,,
00003751,Letras y numeros,C 1572,,,,,,
00003752,Letras y numeros,C 1574,,,,,,
00003753,Letras y numeros,C 1577/1,,,,,,
00003754,Letras y numeros,C 1587,,,,,,
00003756,Letras y numeros,C 1589/1,,,,,,
00003759,Letras y numeros,C 1594,,,,S,,
00003762,Letras y numeros,C 1596/10,,,,,,
00003763,Letras y numeros,C 1598,,,,,,
00003764,Letras y numeros,C 1610,,,,,,
00003766,Letras y numeros,C 1620,,,,,,
00003767,Letras y numeros,C 1632,,,,,,
00003769,Letras y numeros,C 1639,,,,,,
00003770,Letras y numeros,C 1640,,,,,,
00003771,Letras y numeros,C 1642/5,,,,,,
00003772,Letras y numeros,C 1647,,,,,,
00003773,Letras y numeros,C 1649,,,,,,
00003775,Letras y numeros,C 1682,,,,,,
00003777,Letras y numeros,C 1685,,,,,,
00003778,Letras y numeros,C 1720,,,,,,
00003780,Letras y numeros,C 1725,,,N,S,,04/07/2019
00003781,Letras y numeros,C 1732,,,,,,
00003783,Letras y numeros,C 1735,,,,,,
00003784,Letras y numeros,C 1737,,,,,,
00003785,Letras y numeros,C 1741,,,N,,,13/09/2013
00003786,Letras y numeros,C 1747,,,,,,
00003787,Letras y numeros,C 1750,,,,,,
00003788,Letras y numeros,C 1751,,,N,,,05/03/2021
00003790,Letras y numeros,C 1752,,,,,,
00003791,Letras y numeros,C 1753,,,N,,,16/09/2014
00003794,Letras y numeros,C 1767,,,,,,
00003796,Letras y numeros,C 1773,,,,,,
00003799,Letras y numeros,C 1775,,,,,,
00003800,Letras y numeros,C 1791,,,,,,
00003801,Letras y numeros,C 1796,,,,,,
00003802,Letras y numeros,C 1814,,,,,,
00003803,Letras y numeros,C 1817,,,,,,
00003804,Letras y numeros,C 1819,,,,,,
00003805,Letras y numeros,C 1820,,,,,,
00003806,Letras y numeros,C 1821,,,,,,
00003807,Letras y numeros,C 1822,,,,,,
00003809,Letras y numeros,C 1824,,,N,,,12/09/2013
00003812,Letras y numeros,C 1830,,,,,,
00003814,Letras y numeros,C 1834,,N,N,S,,28/01/2021
00003815,Letras y numeros,C 1839,,,,,,
00003816,Letras y numeros,C 1842,,,,,,
00003817,Letras y numeros,C 1847,,,,,,
00003819,Letras y numeros,C 1863,,,,,,
00003820,Letras y numeros,C 1870,,,,,,
00003822,Letras y numeros,C 1892,,,,,,
00003823,Letras y numeros,C 1901,,,,,,
00003824,Letras y numeros,C 1908,,,,,,
00003825,Letras y numeros,C 1917,,,,,,
00003826,Letras y numeros,C 1921,,N,,,,11/08/2014
00003827,Letras y numeros,C 1922,,,,,,
00003829,Letras y numeros,C 1925,,,N,,,28/11/2015
00003831,Letras y numeros,C 1930,,,N,S,,15/05/2018
00003832,Letras y numeros,C 1931,,,,,,
00003833,Letras y numeros,C 1932,,,,,,
00003835,Letras y numeros,C 1935,,,,,,
00003837,Letras y numeros,C 1940,,,,S,,
00003838,Letras y numeros,C 1940/1,,,,,,
00003840,Letras y numeros,C 1948,,,,,,
00003841,Letras y numeros,C 1948/1,,,,,,
00003842,Letras y numeros,C 1951,,,N,,,28/10/2015
00003843,Letras y numeros,C 1972,,S,N,S,,15/09/2022
00003844,Letras y numeros,C 1978,,,,,,
00003846,Letras y numeros,C 1984,,,,,,
00003847,Letras y numeros,C 1985,,,,,,
00003848,Letras y numeros,C 1989/1,,,,,,
00003851,Letras y numeros,C 2028,,,,,,
00003852,Letras y numeros,C 2029,,,,,,
00003853,Letras y numeros,C 2033,,N,N,,,22/06/2019
00003854,Letras y numeros,C 2039,,N,N,S,,
00003855,Letras y numeros,C 2040/1,,,,,,
00003858,Letras y numeros,C 2064,,,N,S,,03/11/2021
00003859,Letras y numeros,C 2065,,,N,,19/10/2017,
00003860,Letras y numeros,C 2066,,,,,,
00003861,Letras y numeros,C 2067,,,,,,
00003862,Letras y numeros,C 2070,,,,,,
00003863,Letras y numeros,C 2073,,,,,,
00003865,Letras y numeros,C 2075,,,,,,
00003866,Letras y numeros,C 2078,,,,,,
00003869,Letras y numeros,C 2088,,,,,,
00003870,Letras y numeros,C 2093/1,,,,,,
00003871,Letras y numeros,C 2095,,,,,,
00003877,Letras y numeros,C 2127,,,,S,,
00003883,Letras y numeros,C 2140/1,,,,,,
00003884,Letras y numeros,C 2144,,,,,,
00003886,Letras y numeros,C 2151,,,,,,
00003887,Letras y numeros,C 2154,,,N,,,
00003889,Letras y numeros,C 2160,,,,,,
00003890,Letras y numeros,C 2180,,,,,,
00003892,Letras y numeros,C 2195,,,,,,
00003900,Letras y numeros,C 2227,,,N,,,26/05/2020
00003902,Letras y numeros,C 2231,,,N,S,,13/06/2019
00003903,Letras y numeros,C 2233,,,,,,
00003905,Letras y numeros,C 2239,,,,S,,
00003906,Letras y numeros,C 2243,,,N,,,26/07/2013
00003907,Letras y numeros,C 2248,,,,,,
00003910,Letras y numeros,C 2269,,,,,,
00003911,Letras y numeros,C 2269x,,,,,,
00003912,Letras y numeros,C 2290,,,,,,
00003922,Letras y numeros,C 2339/1,,,,,,
00003927,Letras y numeros,C 2351,,,,,,
00003929,Letras y numeros,C 2354,,,N,,,21/08/2013
00003930,Letras y numeros,C 2365,,,,,,
00003932,Letras y numeros,C 2373,,,,,,
00003934,Letras y numeros,C 2375,,,,,,
00003935,Letras y numeros,C 2379,,,,,,
00003951,Letras y numeros,C 2446,N,,N,S,,22/01/2021
00003952,Letras y numeros,C 2446/1,,,,S,,
00003954,Letras y numeros,C 2452/1,,S,,,,04/09/2017
00003955,Letras y numeros,C 2455,,,,,,
00003956,Letras y numeros,C 2460,,,,,,
00003961,Letras y numeros,C 2489,,,,,,
00003967,Letras y numeros,C 2528/1,,,,,,
00003970,Letras y numeros,C 2534,,,,,,
00003973,Letras y numeros,C 2536,,,,S,,
00003977,Letras y numeros,C 2543,,N,N,,,19/02/2018
00003978,Letras y numeros,C 2544,,,,,,
00003981,Letras y numeros,C 2555/2,,,,,,
00003982,Letras y numeros,C 2558,,,N,,,07/02/2017
00003983,Letras y numeros,C 2558HD,,,,,,
00003991,Letras y numeros,C 2576,,,,,,
00003993,Letras y numeros,C 2585/10,,,,,,
00003994,Letras y numeros,C 2588,,,,,,
00004001,Letras y numeros,C 2630,,,,,,
00004003,Letras y numeros,C 2632,,,N,S,,11/02/2023
00004005,Letras y numeros,C 2638,,,,,,
00004008,Letras y numeros,C 2641,,,,,,
00004009,Letras y numeros,C 2642,,,,,,
00004010,Letras y numeros,C 2646,,,,,,
00004011,Letras y numeros,C 2647,,,,,,
00004014,Letras y numeros,C 2650,,,,,,
00004016,Letras y numeros,C 2652,,,,S,,
00004022,Letras y numeros,C 2663HD,,,,,,
00004026,Letras y numeros,C 2671,,,N,,,24/03/2018
00004027,Letras y numeros,C 2673/1,,N,,,,04/02/2014
00004029,Letras y numeros,C 2693,,S,,,,17/05/2016
00004030,Letras y numeros,C 2694,,N,,S,24/01/2012,
00004042,Letras y numeros,C 2799,,,,,,
00004045,Letras y numeros,C 2831,,,,,,
00004052,Letras y numeros,C 2860/2,,,,,,
00004055,Letras y numeros,C 2884HD,,,,,,
00004056,Letras y numeros,C 2887,,,,,,
00004057,Letras y numeros,C 2890,,,,,,
00004058,Letras y numeros,C 2923,,S,N,,08/06/2010,
00004061,Letras y numeros,C 2934,,,,S,,
00004062,Letras y numeros,C 2935,N,,N,S,,05/07/2021
00004064,Letras y numeros,C 2938,,,,,,
00004065,Letras y numeros,C 2942,,,,,,
00004067,Letras y numeros,C 2951,,,,,,
00004068,Letras y numeros,C 2953,,,N,,,
00004070,Letras y numeros,C 2957/10,,,,,,
00004085,Letras y numeros,C 3042,,,,,,
00004086,Letras y numeros,C 3042/1,,,,,,
00004087,Letras y numeros,C 3046,,,,,,
00004088,Letras y numeros,C 3050,,,N,S,,09/03/2018
00004090,Letras y numeros,C 3061,,,N,S,,03/02/2021
00004094,Letras y numeros,C 3143/10,,,,,,
00004095,Letras y numeros,C 3152,,N,,,22/02/2017,
00004096,Letras y numeros,C 3161,,,,,,
00004100,Letras y numeros,C 3175/1,,,,,,
00004102,Letras y numeros,C 3184,,,,,,
00004104,Letras y numeros,C 3224,,,,,,
00004107,Letras y numeros,C 3239,,,N,S,,28/05/2015
00004108,Letras y numeros,C 3253,,,,,,
00004109,Letras y numeros,C 3254,,,,,,
00004110,Letras y numeros,C 3255,,,,S,,
00004111,Letras y numeros,C 3257,,,,,,
00004112,Letras y numeros,C 3260,,,,,,
00004115,Letras y numeros,C 3329,,,,S,,
00004116,Letras y numeros,C 3336/1,,,,,,
00004119,Letras y numeros,C 3361,,,,,,
00004122,Letras y numeros,C 3381,,,,,,
00004123,Letras y numeros,C 3394,,,,,,
00004125,Letras y numeros,C 3451,,,N,,,17/01/2012
00004126,Letras y numeros,C 3456,,,,,,
00004127,Letras y numeros,C 3463,,,,,,
00004128,Letras y numeros,C 3466,,,,,,
00004133,Letras y numeros,C 3534,,,,,,
00004134,Letras y numeros,C 3553,,,,,,
00004135,Letras y numeros,C 3555,,,,,,
00004136,Letras y numeros,C 3566,,,,,,
00004138,Letras y numeros,C 3669,,,N,,,07/09/2017
00004139,Letras y numeros,C 3692,,,,,,
00004140,Letras y numeros,C 3698,,,,,,
00004141,Letras y numeros,C 3698/2,,,N,,19/10/2017,
00004142,Letras y numeros,C 3734/1,,,,,,
00004143,Letras y numeros,C 3770,,,,,,
00004146,Letras y numeros,C 3871,,,,,,
00004150,Letras y numeros,C 4190/1,,,N,,19/10/2017,
00004153,Letras y numeros,C 4373/1,,,,,,
00004155,Letras y numeros,C 11110,,,,,,
00004156,Letras y numeros,C 11136,,,N,,,05/08/2015
00004158,Letras y numeros,C 12085,,,,,,
00004164,Letras y numeros,C 12108,,,,,,
00004165,Letras y numeros,C 12109,,,N,,,27/10/2020
00004166,Letras y numeros,C 12110,,,,,,
00004167,Letras y numeros,C 12110,,,,,,
00004169,Letras y numeros,C 12121,,,,,,
00004170,Letras y numeros,C 12262,,,,,,
00004171,Letras y numeros,C 13102,,,,,,
00004173,Letras y numeros,C 13103/10,,,,,,
00004176,Letras y numeros,C 13109,,,,,,
00004177,Letras y numeros,C 13110,,S,,,,10/12/2019
00004178,Letras y numeros,C 13111,,,N,,,26/10/2011
00004184,Letras y numeros,C 13125,,,,,,
00004186,Letras y numeros,C 13134,,,,,,
00004187,Letras y numeros,C 13135,,,N,,,29/05/2020
00004188,Letras y numeros,C 13142,,,,S,,
00004189,Letras y numeros,C 13145,,,,,,
00004191,Letras y numeros,C 13147,,,,,11/02/2010,
00004192,Letras y numeros,C 13148,,,,,,
00004194,Letras y numeros,C 13152,,,,,,
00004198,Letras y numeros,C 14109,,,,,,
00004199,Letras y numeros,C 14121,,,,,,
00004201,Letras y numeros,C 14148,,,,,,
00004202,Letras y numeros,C 14156,,,,,,
00004203,Letras y numeros,C 14166,,,,,,
00004204,Letras y numeros,C 14166/1,,,,,,
00004211,Letras y numeros,C 14189,,,,,,
00004213,Letras y numeros,C 14195,,,,,,
00004216,Letras y numeros,C 14201,,,,,,
00004217,Letras y numeros,C 14206,,,,,,
00004221,Letras y numeros,C 15116,,,,,,
00004222,Letras y numeros,C 15116,,,,,,
00004223,Letras y numeros,C 15118,,,,,,
00004225,Letras y numeros,C 15120,,,,,,
00004226,Letras y numeros,C 15121,,,,,,
00004227,Letras y numeros,C 15121/1,,,,,,
00004228,Letras y numeros,C 15122/10,,,,,,
00004230,Letras y numeros,C 15123,,,,,,
00004232,Letras y numeros,C 15124/1,,,,,,
00004234,Letras y numeros,C 15132,,,,,,
00004236,Letras y numeros,C 15144,,,,,,
00004238,Letras y numeros,C 15147,,,,,20/04/2010,
00004240,Letras y numeros,C 15165,,,,,,
00004244,Letras y numeros,C 15248,,,,,,
00004248,Letras y numeros,C 16113,,,N,,03/03/2014,
00004249,Letras y numeros,C 16121,,,,,,
00004258,Letras y numeros,C 16144,,,,,,
00004259,Letras y numeros,C 16146,,,,,,
00004261,Letras y numeros,C 16147,,,,,,
00004263,Letras y numeros,C 16153,,,,,,
00004264,Letras y numeros,C 16158,,,,,,
00004270,Letras y numeros,C 16164,,,,,,
00004271,Letras y numeros,C 16175,,,,,,
00004274,Letras y numeros,C 16180,,,,,,
00004275,Letras y numeros,C 16181,,,,,,
00004276,Letras y numeros,C 16181/1,,,,,,
00004278,Letras y numeros,C 16200,,,,,,
00004281,Letras y numeros,C 16216,,,,,,
00004284,Letras y numeros,C 16223,,,,,,
00004285,Letras y numeros,C 16225,,S,,,,
00004288,Letras y numeros,C 16226/1,,,,,,
00004292,Letras y numeros,C 16247,,,,,,
00004293,Letras y numeros,C 16247/1,,,,,,
00004295,Letras y numeros,C 16279,,,,,,
00004296,Letras y numeros,C 16296,,,N,,,08/11/2012
00004298,Letras y numeros,C 16298/1,,,,,,
00004300,Letras y numeros,C 16334,,,,,,
00004303,Letras y numeros,C 16349,,,,,,
00004304,Letras y numeros,C 16349/1,,,,,,
00004306,Letras y numeros,C 17100,,,,,,
00004308,Letras y numeros,C 17124,,,,,,
00004309,Letras y numeros,C 17124,,,,,,
00004310,Letras y numeros,C 17129,,,N,,,18/08/2014
00004312,Letras y numeros,C 17140,,,,,,
00004313,Letras y numeros,C 17146,,,,,,
00004314,Letras y numeros,C 17154,,,,,,
00004315,Letras y numeros,C 17160,,,N,,,18/04/2018
00004317,Letras y numeros,C 17201/2,,,N,,,26/09/2014
00004319,Letras y numeros,C 17225,,,N,,,29/12/2015
00004321,Letras y numeros,C 17250,,,,,,
00004322,Letras y numeros,C 17262,,,,,,
00004323,Letras y numeros,C 17262/1,,,,,,
00004326,Letras y numeros,C 17341,,,,,,
00004327,Letras y numeros,C 17343,,,,,,
00004328,Letras y numeros,C 17404/1,,,,,,
00004329,Letras y numeros,C 17454,,,,,,
00004334,Letras y numeros,C 18200,,,N,,,16/09/2013
00004336,Letras y numeros,C 18235,,,,,,
00004338,Letras y numeros,C 18253,,,,,,
00004340,Letras y numeros,C 18288,,,,,,
00004342,Letras y numeros,C 18292,,,,,,
00004343,Letras y numeros,C 18304,,,,,,
00004345,Letras y numeros,C 18328,,,,,,
00004347,Letras y numeros,C 18427,,,,,,
00004348,Letras y numeros,C 18435,,,,,,
00004350,Letras y numeros,C 18436/1,,,,,,
00004352,Letras y numeros,C 19105,,,,,,
00004354,Letras y numeros,C 19113,,,,,,
00004355,Letras y numeros,C 19118,,,,,,
00004359,Letras y numeros,C 19140,,,,,,
00004361,Letras y numeros,C 19157,,,,,,
00004363,Letras y numeros,C 19159,,,,,,
00004365,Letras y numeros,C 19184,,,,,,
00004367,Letras y numeros,C 19194,,,,,,
00004369,Letras y numeros,C 19198,,,,,,
00004371,Letras y numeros,C 19200/1,,,N,,,03/02/2020
00004373,Letras y numeros,C 19218,,,,,,
00004376,Letras y numeros,C 19297,,,,,,
00004379,Letras y numeros,C 19335,,,,,,
00004380,Letras y numeros,C 19345,,,,,,
00004381,Letras y numeros,C 19377,,,,,,
00004382,Letras y numeros,C 19449,,,,,,
00004384,Letras y numeros,C 19568,,,,,,
00004385,Letras y numeros,C 19610,,,,,,
00004386,Letras y numeros,C 19752,,,,,,
00004387,Letras y numeros,C 20103,,,,,,
00004388,Letras y numeros,C 20105,,,,,,
00004389,Letras y numeros,C 20111,,,,,,
00004392,Letras y numeros,C 20142,,,,,,
00004394,Letras y numeros,C 20161,,,,,,
00004396,Letras y numeros,C 20168,,,,,,
00004398,Letras y numeros,C 20175,,,,,,
00004399,Letras y numeros,C 20187,,,,S,,
00004401,Letras y numeros,C 20187/1,,,,,,
00004404,Letras y numeros,C 20212/1,,,,,,
00004406,Letras y numeros,C 20214,,,,,,
00004409,Letras y numeros,C 20270,,,,,,
00004415,Letras y numeros,C 20401,,,N,,,19/12/2012
00004416,Letras y numeros,C 20436,,,,,,
00004417,Letras y numeros,C 20438,,,,,,
00004420,Letras y numeros,C 20457/10,,,,,,
00004422,Letras y numeros,C 20506,,,,,,
00004423,Letras y numeros,C 20514,,,,,,
00004424,Letras y numeros,C 20550,,,,,,
00004425,Letras y numeros,C 20556,,,,,,
00004426,Letras y numeros,C 20855/1,,,,,,
00004428,Letras y numeros,C 21138/1,,,,,,
00004431,Letras y numeros,C 21185,,,,S,,
00004432,Letras y numeros,C 21217,,,,,,
00004434,Letras y numeros,C 21229,,,,,,
00004435,Letras y numeros,C 21247,,,N,,,21/11/2016
00004436,Letras y numeros,C 21259,,,,,,
00004439,Letras y numeros,C 21338,,,N,,,
00004440,Letras y numeros,C 21402,,,,,,
00004441,Letras y numeros,C 21416,,,,,,
00004442,Letras y numeros,C 21425,,,N,S,,22/03/2013
00004444,Letras y numeros,C 21432,,,N,S,,29/02/2012
00004446,Letras y numeros,C 21466,,,,,,
00004447,Letras y numeros,C 21480,,,,,,
00004449,Letras y numeros,C 21503,,,,,,
00004452,Letras y numeros,C 21696,,,,,,
00004457,Letras y numeros,C 22205,,,N,,,01/12/2020
00004458,Letras y numeros,C 22224,,,,,,
00004459,Letras y numeros,C 22228,,,,,,
00004461,Letras y numeros,C 22249,N,,,,,
00004463,Letras y numeros,C 22300,,,,,,
00004464,Letras y numeros,C 22341,,,,,,
00004466,Letras y numeros,C 22423,,,,,,
00004467,Letras y numeros,C 22439,,,,,,
00004468,Letras y numeros,C 22479,,,,,,
00004469,Letras y numeros,C 22558,,,,,,
00004470,Letras y numeros,C 22595,,,,,,
00004471,Letras y numeros,C 22617,,,,,,
00004472,Letras y numeros,C 22618,,,,,,
00004473,Letras y numeros,C 22663,,,,,,
00004474,Letras y numeros,C 22838/1,,,,,,
00004475,Letras y numeros,C 22894,,,,,,
00004479,Letras y numeros,C 23110,,,,,,
00004480,Letras y numeros,C 23112,,S,,,,
00004481,Letras y numeros,C 23115,,,,,,
00004485,Letras y numeros,C 23135/1,,,,,,
00004487,Letras y numeros,C 23174,,,,,,
00004488,Letras y numeros,C 23185,,,,,,
00004489,Letras y numeros,C 23202,,,,,,
00004490,Letras y numeros,C 23203,,,N,,,17/11/2018
00004491,Letras y numeros,C 23249/1,,,,,,
00004493,Letras y numeros,C 23259,,,,,,
00004494,Letras y numeros,C 23290,,,,,,
00004495,Letras y numeros,C 23326,,,,,,
00004496,Letras y numeros,C 23368,,,,,,
00004497,Letras y numeros,C 23411,,,,,,
00004498,Letras y numeros,C 23437,,,,,,
00004501,Letras y numeros,C 23440/2,,,,,,
00004502,Letras y numeros,C 23502,,,,,,
00004505,Letras y numeros,C 23551,,,,,,
00004507,Letras y numeros,C 23579,,,,,,
00004508,Letras y numeros,C 23584,,,,,,
00004509,Letras y numeros,C 23585,,,,,,
00004511,Letras y numeros,C 23609,,S,,,,16/11/2016
00004513,Letras y numeros,C 23626,,,,,,
00004515,Letras y numeros,C 23690,,,,,,
00004516,Letras y numeros,C 23692,,,,,,
00004517,Letras y numeros,C 23725,,,,,,
00004518,Letras y numeros,C 23725/1,,,,,,
00004520,Letras y numeros,C 23726,,,,,,
00004521,Letras y numeros,C 23753,,,,,,
00004523,Letras y numeros,C 23904,,,,,,
00004524,Letras y numeros,C 23946,,,,,,
00004525,Letras y numeros,C 23956,,,,,,
00004526,Letras y numeros,C 24124,,,,,,
00004528,Letras y numeros,C 24187,,,,,,
00004529,Letras y numeros,C 24188,,,,,,
00004532,Letras y numeros,C 24250,,,,,,
00004533,Letras y numeros,C 24261,,,,,,
00004534,Letras y numeros,C 24355,,,,,,
00004535,Letras y numeros,C 24363,,,,,,
00004536,Letras y numeros,C 24393,,,,,,
00004540,Letras y numeros,C 24508,,,,,,
00004541,Letras y numeros,C 24516,,N,N,,,03/06/2015
00004542,Letras y numeros,C 24524,,,,,,
00004543,Letras y numeros,C 24524/1,,,,,,
00004544,Letras y numeros,C 24640,,,,,,
00004548,Letras y numeros,C 24786,,,,,,
00004550,Letras y numeros,C 24855,,,,,,
00004551,Letras y numeros,C 24870,,,,,,
00004552,Letras y numeros,C 24989,,,,,,
00004555,Letras y numeros,C 25114,,,,,,
00004556,Letras y numeros,C 25116,,,,,,
00004560,Letras y numeros,C 25126/10,,,,,,
00004561,Letras y numeros,C 25183,,,,,,
00004562,Letras y numeros,C 25187,,,,,,
00004563,Letras y numeros,C 25192,,,,,,
00004564,Letras y numeros,C 25218,,,,,,
00004565,Letras y numeros,C 25601,,,,,,
00004566,Letras y numeros,C 25660/1,,,,,,
00004567,Letras y numeros,C 25710/3,,,,,,
00004568,Letras y numeros,C 25730,,,,,,
00004569,Letras y numeros,C 25854,,,,,,
00004570,Letras y numeros,C 25860,,,,,,
00004571,Letras y numeros,C 25860/3,,,,,,
00004574,Letras y numeros,C 26111,,,,,,
00004575,Letras y numeros,C 26134,,,,,,
00004576,Letras y numeros,C 26136,,,,,,
00004577,Letras y numeros,C 26136/1,,,,,,
00004579,Letras y numeros,C 26153,,,,,,
00004580,Letras y numeros,C 26240,,,,,,
00004581,Letras y numeros,C 26315/1,,,,,,
00004582,Letras y numeros,C 26315/4,,,,,,
00004583,Letras y numeros,C 26392,,,,,,
00004584,Letras y numeros,C 26431,,,,,,
00004585,Letras y numeros,C 26523,,,,,,
00004586,Letras y numeros,C 26548,,,,,,
00004587,Letras y numeros,C 26550,,,,,,
00004588,Letras y numeros,C 26596,,,,,,
00004589,Letras y numeros,C 26690,,,,,,
00004590,Letras y numeros,C 26773,,,,,,
00004591,Letras y numeros,C 26790,,,N,,,12/05/2015
00004593,Letras y numeros,C 26853,,,,,26/04/2010,
00004594,Letras y numeros,C 26887,,,,,,
00004595,Letras y numeros,C 26965,,,,,,
00004596,Letras y numeros,C 26965/1,,,,,,
00004597,Letras y numeros,C 26966,,,,,,
00004600,Letras y numeros,C 26996,,,N,,,15/03/2014
00004601,Letras y numeros,C 27133,,,,,,
00004605,Letras y numeros,C 27272,,,N,,,23/01/2017
00004606,Letras y numeros,C 27321,,,,,,
00004607,Letras y numeros,C 27344,,,,,,
00004608,Letras y numeros,C 27502/1,,,,,,
00004609,Letras y numeros,C 27585,,,,,,
00004614,Letras y numeros,C 27970,,,,,,
00004615,Letras y numeros,C 28107/10,,,,,,
00004619,Letras y numeros,C 28248,,,,,,
00004620,Letras y numeros,C 28383,,,,,,
00004621,Letras y numeros,C 28487,,,,,,
00004622,Letras y numeros,C 28554,,,N,,30/07/2013,
00004623,Letras y numeros,C 28609,,,,,,
00004624,Letras y numeros,C 28684,,,,,,
00004626,Letras y numeros,C 28770,,,,,,
00004627,Letras y numeros,C 28771,,,,,,
00004628,Letras y numeros,C 28781,,,,,,
00004634,Letras y numeros,C 29122/1,,,,,,
00004635,Letras y numeros,C 29126,,,,,,
00004636,Letras y numeros,C 29198,,,N,,,25/06/2022
00004637,Letras y numeros,C 29200,,,,,,
00004638,Letras y numeros,C 29254,,,,,,
00004639,Letras y numeros,C 29289,,,,,,
00004640,Letras y numeros,C 29352/1,,,,,,
00004641,Letras y numeros,C 29496,,,,,,
00004642,Letras y numeros,C 29577,,,,,,
00004643,Letras y numeros,C 29624,,,N,,,14/07/2016
00004644,Letras y numeros,C 29897,,,,,,
00004648,Letras y numeros,C 30133,,,,,,
00004650,Letras y numeros,C 30195/2,,,,,,
00004651,Letras y numeros,C 30288,,,,,,
00004652,Letras y numeros,C 30375,,,,,,
00004653,Letras y numeros,C 30414,,,,,,
00004654,Letras y numeros,C 30421,,,,,,
00004655,Letras y numeros,C 30668,,,,,,
00004657,Letras y numeros,C 30703,,,,,,
00004658,Letras y numeros,C 30745,,,,,,
00004660,Letras y numeros,C 30880,,,,,,
00004661,Letras y numeros,C 30880/1,,,,,,
00004662,Letras y numeros,C 30945,,,,,,
00004663,Letras y numeros,C 31120,,,N,,25/06/2013,
00004664,Letras y numeros,C 31126,,,,,,
00004666,Letras y numeros,C 31154,,,,,,
00004667,Letras y numeros,C 31159,,,,,,
00004668,Letras y numeros,C 31190,,,,,,
00004671,Letras y numeros,C 31474,,,,,,
00004672,Letras y numeros,C 31524,,,,,,
00004673,Letras y numeros,C 31700,,,,,,
00004674,Letras y numeros,C 31727,,,,,,
00004675,Letras y numeros,C 31750,,,N,,15/07/2013,
00004676,Letras y numeros,C 31818,,,,,,
00004677,Letras y numeros,C 31852,,,,,,
00004678,Letras y numeros,C 32120,,,,S,,
00004681,Letras y numeros,C 32381,,,,,,
00004682,Letras y numeros,C 32549,,,,,,
00004683,Letras y numeros,C 32640/1,,,,,,
00004684,Letras y numeros,C 32698,,,,,,
00004685,Letras y numeros,C 32809,,,,,,
00004686,Letras y numeros,C 33130,,S,,,,
00004688,Letras y numeros,C 33922,,,,,,
00004689,Letras y numeros,C 33981,,,,,,
00004692,Letras y numeros,C 34109,,,,,,
00004695,Letras y numeros,C 34287,,,,,,
00004696,Letras y numeros,C 34430,,,,,,
00004697,Letras y numeros,C 34888,,,,,,
00004698,Letras y numeros,C 35118,,,,,,
00004699,Letras y numeros,C 35632,,,,,,
00004701,Letras y numeros,C 36188,,,,,,
00004702,Letras y numeros,C 36840,,,,,,
00004703,Letras y numeros,C 36840/1,,,,,,
00004704,Letras y numeros,C 36998,,,,,,
00004706,Letras y numeros,C 37114,,,,,,
00004707,Letras y numeros,C 37144,,,,,,
00004708,Letras y numeros,C 37145,,,,,,
00004710,Letras y numeros,C 37157,,,,,,
00004711,Letras y numeros,C 38163/1,,N,,,,13/05/2014
00004712,Letras y numeros,C 40174,,,,,,
00004713,Letras y numeros,C 40868,,,,,,
00004714,Letras y numeros,C 41173,,,,,,
00004715,Letras y numeros,C 42098,,,,,,
00004717,Letras y numeros,C 48183,,,,,,
00004718,Letras y numeros,C 54121,,,,,,
00004719,Letras y numeros,C 60345,,,,,,
00004720,Letras y numeros,C 221079,,,,,,
00004721,Letras y numeros,C 221113,,,,,,
00004722,Letras y numeros,C 221380,,,,,,
00004723,Letras y numeros,C 261252,,,,,,
00004724,Letras y numeros,C 261252/1,,,,,,
00004725,Letras y numeros,C 271104,,,,,,
00004726,Letras y numeros,C 271170,,,,,,
00004727,Letras y numeros,C 271318,,,,,,
00004729,Letras y numeros,C 271390,,,,,,
00004730,Letras y numeros,C 271520,,,,,,
00004731,Letras y numeros,C 271580,,,,,,
00004732,Letras y numeros,C 271925,,,,,,
00004733,Letras y numeros,C 281012,,N,N,S,,20/12/2013
00004734,Letras y numeros,C 281090,,,,,,
00004735,Letras y numeros,C 281226,,,,,,
00004736,Letras y numeros,C 281265,,,,,,
00004737,Letras y numeros,C 281413,,,,,,
00004738,Letras y numeros,C 291032/1,,,,,,
00004739,Letras y numeros,C 291410/1,,,,,,
00004740,Letras y numeros,C 301066,,,,,,
00004741,Letras y numeros,C 301094,,,,,,
00004742,Letras y numeros,C 301184,,,,,,
00004743,Letras y numeros,C 30122,,,,,,
00004744,Letras y numeros,C 301221,,,,,,
00004745,Letras y numeros,C 301359,,,,,,
00004746,Letras y numeros,C 301371,,,,,,
00004747,Letras y numeros,C 311032,,,,,,
00004748,Letras y numeros,C 311093/1,,,,,,
00004749,Letras y numeros,C 311160,,,,,,
00004750,Letras y numeros,C 311165,,,,,,
00004752,Letras y numeros,C 311226/1,,,,,,
00004753,Letras y numeros,C 311256,,,,,,
00004754,Letras y numeros,C 311276,,,,,,
00004755,Letras y numeros,C 311311,,,,,,
00004756,Letras y numeros,C 311352,,,N,,17/01/2017,
00004757,Letras y numeros,C 311440,,,,,,
00004758,Letras y numeros,C 311460,,,,,,
00004759,Letras y numeros,C 311461,,,,,,
00004760,Letras y numeros,C 311512,,,,,,
00004761,Letras y numeros,C 311590/1,,,,,,
00004762,Letras y numeros,C 311592,,,,,,
00004763,Letras y numeros,C 311641,,,,,,
00004764,Letras y numeros,C 311645,,,,,,
00004765,Letras y numeros,C 321160,,,N,,,02/04/2015
00004766,Letras y numeros,C 321500,,,,,,
00004767,Letras y numeros,C 321594,,,,,,
00004768,Letras y numeros,C 331015,,,,,,
00004769,Letras y numeros,C 331023,,,,,,
00004770,Letras y numeros,C 331053,,,,,,
00004771,Letras y numeros,C 331296,,,,,,
00004772,Letras y numeros,C 331300,,,,,,
00004773,Letras y numeros,C 331305,N,,N,S,21/08/2018,
00004774,Letras y numeros,C 331456,,,,,,
00004775,Letras y numeros,C 331465,,,,,,
00004776,Letras y numeros,C 331600/1,,,,,,
00004777,Letras y numeros,C 331605,,,,,,
00004778,Letras y numeros,C 331825,,,,,,
00004779,Letras y numeros,C 331825/1,,,,,,
00004780,Letras y numeros,C 331840,,,,,,
00004781,Letras y numeros,C 331912,,,,,,
00004782,Letras y numeros,C 331929,,,,,,
00004783,Letras y numeros,C 332139,,,,,,
00004784,Letras y numeros,C 332225,,,,,,
00004785,Letras y numeros,C 351039,,,,,,
00004786,Letras y numeros,C 351177,,,,,,
00004787,Letras y numeros,C 351592,,,,,,
00004788,Letras y numeros,C 351850,,,,,,
00004789,Letras y numeros,C 352194,,,,,,
00004790,Letras y numeros,C 361125,,,,,,
00004791,Letras y numeros,C 371053,,,,,,
00004792,Letras y numeros,C 371774,,,,,,
00004793,Letras y numeros,C 381723,,,,,,
00004794,Letras y numeros,C 402070,,,,,,
00004795,Letras y numeros,C 411776,,,,,,
00004797,Letras y numeros,C 421404,,,,,,
00004798,Letras y numeros,C 452666,,,,,,
00004799,Letras y numeros,C 453265,,,,,,
00004800,Letras y numeros,C 481047,,,,,,
00004801,Letras y numeros,C 641500,,,,,,
00004807,Letras y numeros,CF 504,,,,,,
00004809,Letras y numeros,CF 604,,,,,,
00004810,Letras y numeros,CF 604/1,,,,,,
00004812,Letras y numeros,CF 606,,,N,,,16/12/2014
00004814,Letras y numeros,CF 630,,,,,,
00004816,Letras y numeros,CF 705,,,,,,
00004819,Letras y numeros,CF 711,,,,,,
00004824,Letras y numeros,CF 807,,,,,,
00004825,Letras y numeros,CF 808,,,,,,
00004826,Letras y numeros,CF 811,,,,,,
00004829,Letras y numeros,CF 830,,,,,,
00004833,Letras y numeros,CF 908/1,,S,N,,24/09/2012,
00004835,Letras y numeros,CF 908/3,,,,,,
00004836,Letras y numeros,CF 910,,,,,,
00004837,Letras y numeros,CF 915,,,,,,
00004840,Letras y numeros,CF 923,,,N,,,04/07/2012
00004843,Letras y numeros,CF 930,,,,,,
00004847,Letras y numeros,CF 1112,,,,,,
00004848,Letras y numeros,CF 1122,,,N,,,05/03/2018
00004849,Letras y numeros,CF 1125,,,,,,
00004850,Letras y numeros,CF 1133,,,,,,
00004852,Letras y numeros,CF 1210,,,,,,
00004853,Letras y numeros,CF 1212,,,N,,,21/10/2016
00004857,Letras y numeros,CF 1313,,,,,,
00004860,Letras y numeros,CF 1514,,,,,,
00004862,Letras y numeros,CF 1600,,,N,,,01/03/2013
00004865,Letras y numeros,CF 2100/1,,,,,,
00004866,Letras y numeros,CF 2135,,,,,,
00004868,Letras y numeros,CU 2149,,,,,,
00004869,Letras y numeros,CU 2316,,,,,,
00004872,Letras y numeros,CU 2430,,,,,,
00004873,Letras y numeros,CU 2525,,,,,,
00004874,Letras y numeros,CU 2745,,,N,,,11/07/2014
00004875,Letras y numeros,CU 2861,,,,,,
00004876,Letras y numeros,CU 2882,,,,,,
00004877,Letras y numeros,CU 2897,,,,,,
00004878,Letras y numeros,CU 2939,,,,,,
00004879,Letras y numeros,CU 2940,,,,,,
00004880,Letras y numeros,CU 3054,,,N,,28/02/2017,
00004881,Letras y numeros,CU 3059,,,,,,
00004882,Letras y numeros,CU 3337,,,N,,,17/10/2011
00004883,Letras y numeros,CU 3340,,,,,,
00004884,Letras y numeros,CU 3435,,,,,,
00004885,Letras y numeros,CU 3562,,N,,,,22/07/2022
00004886,Letras y numeros,CU 3858,,,,,,
00004887,Letras y numeros,CU 4007,,,,,,
00004888,Letras y numeros,CU 4251,,,N,,,15/05/2018
00004895,Letras y numeros,H 54,,,,,,
00004896,Letras y numeros,H 55,,,,,,
00004897,Letras y numeros,H 56,,,,,,
00004898,Letras y numeros,H 57,,,,,,
00004899,Letras y numeros,H 61,,,,,,
00004900,Letras y numeros,H 66/10,,,,,,
00004901,Letras y numeros,H 76,,,,,,
00004902,Letras y numeros,H 50,,,N,,,14/05/2018
00004903,Letras y numeros,H 51,,,,,,
00004904,Letras y numeros,H 52,,,,,,
00004905,Letras y numeros,H 53,,,,,,
00004906,Letras y numeros,H 57,,,,,,
00004907,Letras y numeros,H 58,,,,,,
00004908,Letras y numeros,H 63,,,,,,
00004909,Letras y numeros,H 64x,,,,,,
00004910,Letras y numeros,H 65,,,,,,
00004911,Letras y numeros,H 66x,,,,,,
00004912,Letras y numeros,H 67,,,N,,,02/05/2014
00004913,Letras y numeros,H 68,,,,,,
00004914,Letras y numeros,H 69,,,,,,
00004915,Letras y numeros,H 79,,,,,,
00004916,Letras y numeros,H 88,,,,,,
00004917,Letras y numeros,H 182,,,,,,
00004918,Letras y numeros,H 203,,,,,,
00004919,Letras y numeros,H 406,,,,,,
00004920,Letras y numeros,H 407,,,,,,
00004921,Letras y numeros,H 409,,,,,,
00004922,Letras y numeros,H 410,,,,,,
00004923,Letras y numeros,H 506,S,,,,,
00004924,Letras y numeros,H 513,,,,,,
00004925,Letras y numeros,H 601,,,,,,
00004927,Letras y numeros,H 601n,,,,,,
00004928,Letras y numeros,H 609,,,,,,
00004929,Letras y numeros,H 610,,,,,,
00004930,Letras y numeros,H 611,,,N,,,30/05/2017
00004931,Letras y numeros,H 611/10,,,,,,
00004932,Letras y numeros,H 612,,N,N,,,06/04/2022
00004934,Letras y numeros,H 614n,,,N,,,15/01/2016
00004935,Letras y numeros,H 614x,,,,,,
00004937,Letras y numeros,H 616/10,,,,,,
00004938,Letras y numeros,H 617n,,,,,,
00004939,Letras y numeros,H 621,,,,,,
00004940,Letras y numeros,H 622,,,,,,
00004941,Letras y numeros,H 625,,,,,,
00004942,Letras y numeros,H 631,,,N,,,27/05/2015
00004943,Letras y numeros,H 660,,,,,,
00004944,Letras y numeros,H 710,,,,,,
00004945,Letras y numeros,H 710/5,,,,,,
00004947,Letras y numeros,H 713x,,,N,,,05/07/2022
00004949,Letras y numeros,H 716/10,,,,,,
00004950,Letras y numeros,H 716x,,N,N,,,
00004951,Letras y numeros,H 717,,,,,,
00004952,Letras y numeros,H 717/1,,,,,,
00004953,Letras y numeros,H 718/10,,,,,,
00004954,Letras y numeros,H 719/10,,,,,,
00004955,Letras y numeros,H 720/10,,,N,,,01/12/2017
00004956,Letras y numeros,H 720x,,,,,,
00004957,Letras y numeros,H 721,,,,,,
00004958,Letras y numeros,H 723,,N,,,,10/05/2022
00004959,Letras y numeros,H 724,,,,,,
00004960,Letras y numeros,H 725,,,,,,
00004961,Letras y numeros,H 726/10,,,,,,
00004962,Letras y numeros,H 726x,,,,,,
00004965,Letras y numeros,H 728,,,,,,
00004966,Letras y numeros,H 729,,,,,,
00004967,Letras y numeros,H 729/10,,S,,,,14/09/2017
00004968,Letras y numeros,H 730x,,,,,,
00004969,Letras y numeros,H 737,,,,,,
00004970,Letras y numeros,H 746,,,,,,
00004971,Letras y numeros,H 749,,,,,,
00004972,Letras y numeros,H 804/10x,,,,,,
00004973,Letras y numeros,H 804d,,,,,,
00004974,Letras y numeros,H 804x,,,N,,,29/03/2017
00004975,Letras y numeros,H 805,,,,,,
00004976,Letras y numeros,H 807,,,,,,
00004977,Letras y numeros,H 809,,,,,,
00004978,Letras y numeros,H 811,,,N,,,31/08/2013
00004981,Letras y numeros,H 813x,,,,,,
00004982,Letras y numeros,H 813x,,,N,,,17/06/2019
00004983,Letras y numeros,H 814,,,,,,
00004984,Letras y numeros,H 816/5,,,,,,
00004986,Letras y numeros,H 816x,,N,N,,,05/04/2018
00004987,Letras y numeros,H 817,,,,,,
00004989,Letras y numeros,H 818/5,,,,,,
00004991,Letras y numeros,H 819n,,,N,,,24/08/2013
00004994,Letras y numeros,H 822/1x,,,,,,
00004997,Letras y numeros,H 824/11,,,N,,,
00004998,Letras y numeros,H 824/15,,,,,,
00004999,Letras y numeros,H 824/1x,,,,,,
00005000,Letras y numeros,H 825/1,,S,N,,,22/01/2014
00005002,Letras y numeros,H 826,,,,,,
00005003,Letras y numeros,H 827,,,,,,
00005004,Letras y numeros,H 828,,,,,,
00005005,Letras y numeros,H 828/10,,,,,,
00005006,Letras y numeros,H 828/5,,,,,,
00005007,Letras y numeros,H 829,,,,,,
00005008,Letras y numeros,H 829/3,,,N,,,19/12/2013
00005010,Letras y numeros,H 831x,,,,,,
00005011,Letras y numeros,H 833,,,,,,
00005012,Letras y numeros,H 834,,,,,,
00005013,Letras y numeros,H 837,,,,,,
00005014,Letras y numeros,H 838,,,,,,
00005015,Letras y numeros,H 841,,,,,,
00005016,Letras y numeros,H 845,,,,,,
00005017,Letras y numeros,H 846,,S,,,,02/10/2018
00005018,Letras y numeros,H 849/10,,,,,,
00005019,Letras y numeros,H 853,,,,,,
00005020,Letras y numeros,H 854x,,,N,,,27/07/2013
00005021,Letras y numeros,H 909,,,,,,
00005022,Letras y numeros,H 910/2,,,,,,
00005024,Letras y numeros,H 914,,,N,,,16/11/2015
00005025,Letras y numeros,H 914/10,,,,,,
00005027,Letras y numeros,H 916x,N,,N,,,
00005028,Letras y numeros,H 919,,,,,,
00005030,Letras y numeros,H 921/20,,,,,,
00005031,Letras y numeros,H 921/30,,,,,,
00005033,Letras y numeros,H 922/1x,,,,,,
00005034,Letras y numeros,H 923x,,,,,,
00005035,Letras y numeros,H 924,,,,,,
00005036,Letras y numeros,H 925/1x,,,,,,
00005037,Letras y numeros,H 926,,,N,,,24/10/2011
00005039,Letras y numeros,H 928/1t,,,,,,
00005040,Letras y numeros,H 929x,,,,,,
00005041,Letras y numeros,H 930,,,,S,,
00005042,Letras y numeros,H 930/15x,,N,,,,29/07/2014
00005043,Letras y numeros,H 930/3x,,,,,,
00005044,Letras y numeros,H 932,,,,,,
00005046,Letras y numeros,H 933,,S,N,,,06/01/2014
00005047,Letras y numeros,H 934/1,,,,,,
00005048,Letras y numeros,H 934/10,,,,,,
00005049,Letras y numeros,H 936/1x,,,N,,,22/12/2020
00005050,Letras y numeros,H 937/50,,,,,,
00005051,Letras y numeros,H 938,,,,,,
00005052,Letras y numeros,H 938/10,,,,,,
00005053,Letras y numeros,H 938/50,,,,,,
00005056,Letras y numeros,H 941/5,,,,,,
00005057,Letras y numeros,H 941x,,,N,,,04/07/2016
00005058,Letras y numeros,H 944/10,,,,,,
00005059,Letras y numeros,H 944/5,,,,,,
00005060,Letras y numeros,H 945x,,,,,,
00005061,Letras y numeros,H 946,,,,,,
00005064,Letras y numeros,H 948x,,,N,,,09/11/2021
00005065,Letras y numeros,H 949/10,,,,,,
00005066,Letras y numeros,H 949/15,,,,,,
00005067,Letras y numeros,H 950,,,,,,
00005069,Letras y numeros,H 953x,,,,,,
00005070,Letras y numeros,H 963,,,,,,
00005071,Letras y numeros,H 976,,,,,,
00005072,Letras y numeros,H 976/1,,,,,,
00005073,Letras y numeros,H 983,,,,,,
00005074,Letras y numeros,H 992,,,N,,,23/05/2013
00005075,Letras y numeros,H 1008,,,,S,,
00005076,Letras y numeros,H 1011,,,,,,
00005077,Letras y numeros,H 1012,,,N,,,08/02/2018
00005078,Letras y numeros,H 1012t,,,N,,,01/06/2019
00005079,Letras y numeros,H 1013x,,,,,,
00005080,Letras y numeros,H 1017n,,,,,,
00005081,Letras y numeros,H 1018/2n,,,,,,
00005082,Letras y numeros,H 1023,,,,,,
00005083,Letras y numeros,H 1026,,,N,,,30/10/2020
00005085,Letras y numeros,H 1029/1n,,,,,,
00005086,Letras y numeros,H 1031,,,,,,
00005089,Letras y numeros,H 1033/3,,,,,,
00005091,Letras y numeros,H 1034/3x,,,,,,
00005092,Letras y numeros,H 1035,,,N,,,26/02/2016
00005095,Letras y numeros,H 1041,,,N,,,29/09/2021
00005096,Letras y numeros,H 1042/2,,,,,,
00005097,Letras y numeros,H 1043/11,,,,,,
00005098,Letras y numeros,H 1044x,,,,,,
00005099,Letras y numeros,H 1045/10,,,,,,
00005100,Letras y numeros,H 1045/15,,,,,,
00005101,Letras y numeros,H 1046,,,,,,
00005102,Letras y numeros,H 1048t,,,,,,
00005103,Letras y numeros,H 1049/1,,,,,,
00005104,Letras y numeros,H 1050/2,,,,,,
00005105,Letras y numeros,H 1050x,,,,,,
00005106,Letras y numeros,H 1052/8,,,,,,
00005107,Letras y numeros,H 1052x,,,,,,
00005108,Letras y numeros,H 1053/2n,,,,,,
00005110,Letras y numeros,H 1054x,,,N,,,17/06/2014
00005111,Letras y numeros,H 1056,,,,,,
00005112,Letras y numeros,H 1060,,,,,,
00005113,Letras y numeros,H 1060n,,,N,,,08/04/2013
00005114,Letras y numeros,H 1061,,,,,,
00005115,Letras y numeros,H 1065/2,,,,,,
00005116,Letras y numeros,H 1067/1x,,,,,,
00005117,Letras y numeros,H 1068/2,,,,,,
00005118,Letras y numeros,H 1069x,,,,,,
00005119,Letras y numeros,H 1072/11x,,,,,,
00005120,Letras y numeros,H 1073,,,,,,
00005121,Letras y numeros,H 1074,,,N,,,03/02/2016
00005122,Letras y numeros,H 1075x,,,,,,
00005123,Letras y numeros,H 1076x,,,,,,
00005124,Letras y numeros,H 1081,,,,,,
00005125,Letras y numeros,H 1089,,,,,,
00005126,Letras y numeros,H 1089/1,,,,,,
00005127,Letras y numeros,H 1099,,,,,,
00005128,Letras y numeros,H 1122x,,,N,,,09/05/2016
00005129,Letras y numeros,H 1132,,,,,,
00005130,Letras y numeros,H 1137,,,,,,
00005131,Letras y numeros,H 1142,,,,,,
00005132,Letras y numeros,H 1144,,,,,,
00005136,Letras y numeros,H 1150,,,,,,
00005137,Letras y numeros,H 1153,,,,,,
00005138,Letras y numeros,H 1154,,,,S,,
00005139,Letras y numeros,H 1155,,,,,,
00005140,Letras y numeros,H 1162x,,,N,,,25/09/2017
00005141,Letras y numeros,H 1163x,,,,,,
00005142,Letras y numeros,H 1164/10,,,,,,
00005144,Letras y numeros,H 1165,,,,,,
00005145,Letras y numeros,H 1165/1,,,,,,
00005146,Letras y numeros,H 1166,,,,,,
00005147,Letras y numeros,H 1168x,,,,,,
00005148,Letras y numeros,H 1171,,,,,,
00005149,Letras y numeros,H 1172,,,,,,
00005150,Letras y numeros,H 1175/10,,,,,,
00005151,Letras y numeros,H 1176,,,,,,
00005152,Letras y numeros,H 1184,,,,,,
00005153,Letras y numeros,H 1186x,,,,,,
00005154,Letras y numeros,H 1187,,,,,,
00005155,Letras y numeros,H 1191x,,,,,,
00005156,Letras y numeros,H 1194x,,,,,,
00005157,Letras y numeros,H 1198x,,,,,,
00005158,Letras y numeros,H 1199,,,,,,
00005159,Letras y numeros,H 1243,,N,,,,
00005160,Letras y numeros,H 1244,,,,,,
00005161,Letras y numeros,H 1247x,,,,,,
00005162,Letras y numeros,H 1248,,,,,,
00005163,Letras y numeros,H 1255,,,,,,
00005164,Letras y numeros,H 1258/1,,,N,,,21/03/2017
00005166,Letras y numeros,H 1262,,,,,,
00005169,Letras y numeros,H 1273,,,,,,
00005171,Letras y numeros,H 1276/20,,,,,,
00005172,Letras y numeros,H 1277/10,,,,,,
00005173,Letras y numeros,H 1279,,,,,,
00005174,Letras y numeros,H 1279/1,,,,,,
00005175,Letras y numeros,H 1281x,,,,,,
00005177,Letras y numeros,H 1286/1,,,,,,
00005178,Letras y numeros,H 1290/1,,,,,,
00005179,Letras y numeros,H 1290/10,,,,,,
00005180,Letras y numeros,H 1291/1,,,,,,
00005181,Letras y numeros,H 1295,,,,,,
00005182,Letras y numeros,H 1307,,,,,,
00005183,Letras y numeros,H 1334x,,,,,,
00005184,Letras y numeros,H 1344,,,,,,
00005185,Letras y numeros,H 1346x,,,,,,
00005186,Letras y numeros,H 1356,,,,,,
00005187,Letras y numeros,H 1360,,,,,,
00005188,Letras y numeros,H 1361x,N,,,,,
00005190,Letras y numeros,H 1365x,,,,,,
00005191,Letras y numeros,H 1375,,,,,,
00005192,Letras y numeros,H 1382,,,,,,
00005193,Letras y numeros,H 1386,,,,,,
00005194,Letras y numeros,H 1386/5,,,,,,
00005195,Letras y numeros,H 1394,,,,,,
00005196,Letras y numeros,H 1395x,,,,,,
00005198,Letras y numeros,H 1460,,,,,,
00005199,Letras y numeros,H 1464,,,,,,
00005200,Letras y numeros,H 1471/10,,,,,,
00005201,Letras y numeros,H 1496,,,,,,
00005202,Letras y numeros,H 1497/0x,S,,,,,
00005203,Letras y numeros,H 1497/1,,,N,,,22/08/2014
00005204,Letras y numeros,H 1497/1x,,,,,,
00005205,Letras y numeros,H 1538,,,,,,
00005206,Letras y numeros,H 1565/1,,,,,,
00005207,Letras y numeros,H 1582,,,,,,
00005208,Letras y numeros,H 1599,,,,,,
00005209,Letras y numeros,H 1664,,,,S,,
00005210,Letras y numeros,H 1686,,,,,,
00005211,Letras y numeros,H 1734,,,,,,
00005212,Letras y numeros,H 1796,,,,,,
00005213,Letras y numeros,H 3010X,,,,,,
00005214,Letras y numeros,H 3230x,,,,,,
00005215,Letras y numeros,H 7124,,,,,,
00005216,Letras y numeros,H 10101,,,,,,
00005217,Letras y numeros,H 10113,,,,,,
00005218,Letras y numeros,H 10124,,,,,,
00005219,Letras y numeros,H 10143,,,,,,
00005220,Letras y numeros,H 11100,,,,,,
00005221,Letras y numeros,H 11103,,,,,,
00005222,Letras y numeros,H 11106/1x,,,,,,
00005223,Letras y numeros,H 11109/1,,,,,,
00005224,Letras y numeros,H 11130,,,,,,
00005225,Letras y numeros,H 11142,,,,,,
00005226,Letras y numeros,H 11180,,,,,,
00005229,Letras y numeros,H 12105d,,S,,,,20/04/2017
00005230,Letras y numeros,H 12105n,,,,,,
00005232,Letras y numeros,H 12106,,,,,,
00005233,Letras y numeros,H 12107,,,,,,
00005234,Letras y numeros,H 12107/2,,,,,,
00005237,Letras y numeros,H 12116,,,,,,
00005238,Letras y numeros,H 12122,,,,,,
00005239,Letras y numeros,H 12151,,,,,,
00005240,Letras y numeros,H 13104,,,,,,
00005241,Letras y numeros,H 13104/1,,,,,,
00005242,Letras y numeros,H 13110,,,,,,
00005243,Letras y numeros,H 13118x,,,,,,
00005244,Letras y numeros,H 13122,,,,,,
00005245,Letras y numeros,H 13127,,,N,,13/03/2013,
00005246,Letras y numeros,H 13129x,,,,,,
00005247,Letras y numeros,H 13135,,,,,,
00005248,Letras y numeros,H 14106x,,,,,,
00005249,Letras y numeros,H 14111/1,,,,,,
00005250,Letras y numeros,H 14151,,,,,,
00005251,Letras y numeros,H 15103,,,,,,
00005252,Letras y numeros,H 15111/2,,,,,,
00005253,Letras y numeros,H 15123,,,,,,
00005254,Letras y numeros,H 15124,,,,,,
00005255,Letras y numeros,H 15129,,,,,,
00005256,Letras y numeros,H 15138,,,,,,
00005257,Letras y numeros,H 15160,,,,,,
00005258,Letras y numeros,H 15168,,,,,,
00005259,Letras y numeros,H 15185,,,,,,
00005261,Letras y numeros,H 15190/11,,,,,,
00005262,Letras y numeros,H 15190/16,,,,,,
00005263,Letras y numeros,H 15202,,,,,,
00005264,Letras y numeros,H 15220x,,,,,,
00005265,Letras y numeros,H 15222/2,,,,,,
00005266,Letras y numeros,H 15223,,,,,,
00005267,Letras y numeros,H 15239,,,,,,
00005268,Letras y numeros,H 15263,,,,,,
00005269,Letras y numeros,H 15290,,,,,,
00005270,Letras y numeros,H 15323,,,,,,
00005271,Letras y numeros,H 16103,,,,,,
00005272,Letras y numeros,H 16164,,,,,,
00005273,Letras y numeros,H 16198,,,,,,
00005274,Letras y numeros,H 16543,,,,,,
00005275,Letras y numeros,H 17036,,,,,,
00005276,Letras y numeros,H 17036/1,,,,,,
00005277,Letras y numeros,H 17160,,,,,,
00005278,Letras y numeros,H 17192,,,,,,
00005279,Letras y numeros,H 17238,,,,,,
00005280,Letras y numeros,H 17250,,,,,,
00005281,Letras y numeros,H 17307,,,,,,
00005282,Letras y numeros,H 18112,,,,,,
00005283,Letras y numeros,H 18180,,,,,,
00005284,Letras y numeros,H 18265,,,,,,
00005285,Letras y numeros,H 18286,,S,N,,,22/08/2012
00005286,Letras y numeros,H 19245,,,,,,
00005287,Letras y numeros,H 19545,,,,,,
00005288,Letras y numeros,H 20337,,,,,,
00005289,Letras y numeros,H 20337/1,,,,,,
00005290,Letras y numeros,H 20440,,,,,,
00005291,Letras y numeros,H 21105x,,,,,,
00005292,Letras y numeros,HD 31,,,N,,,
00005293,Letras y numeros,HD 44,,,,,,
00005294,Letras y numeros,HD 53,,,,,,
00005295,Letras y numeros,HD 48,,,,,,
00005296,Letras y numeros,HD 54,,,,,,
00005297,Letras y numeros,HD 54/1,,,,,,
00005298,Letras y numeros,HD 55,,,,,,
00005299,Letras y numeros,HD 61,,,,,,
00005300,Letras y numeros,HD 68,,,,,,
00005301,Letras y numeros,HD 71,,,,,,
00005302,Letras y numeros,HD 85,,,,,,
00005303,Letras y numeros,HD 403,,,,,,
00005304,Letras y numeros,HD 407,,,,,,
00005305,Letras y numeros,HD 503,,,,,,
00005306,Letras y numeros,HD 505,,,,,,
00005307,Letras y numeros,HD 505/1,,,,,,
00005308,Letras y numeros,HD 507/1,,,,,,
00005309,Letras y numeros,HD 508,,,,,,
00005310,Letras y numeros,HD 509,,,,,,
00005311,Letras y numeros,HD 511,,,,,,
00005312,Letras y numeros,HD 603,,,,,,
00005313,Letras y numeros,HD 604,,,,,,
00005314,Letras y numeros,HD 606,,,,,,
00005315,Letras y numeros,HD 606/1,,,,,,
00005316,Letras y numeros,HD 609,,,N,,,15/10/2011
00005317,Letras y numeros,HD 612,,,N,,01/06/2017,
00005318,Letras y numeros,HD 615,,,,,,
00005319,Letras y numeros,HD 614,,,,,,
00005320,Letras y numeros,HD 617,,,,,,
00005321,Letras y numeros,HD 619,,,,,,
00005322,Letras y numeros,HD 624,,,,,,
00005323,Letras y numeros,HD 704,,,,,,
00005324,Letras y numeros,HD 705,,,,,,
00005325,Letras y numeros,HD 705/10,,,,,,
00005326,Letras y numeros,HD 706,,,,,30/07/2010,
00005327,Letras y numeros,HD 707,,,,,,
00005328,Letras y numeros,HD 708,,,,,,
00005329,Letras y numeros,HD 709,,,,,,
00005330,Letras y numeros,HD 711,,,,,,
00005331,Letras y numeros,HD 714,,,,,,
00005332,Letras y numeros,HD 725,,,,,,
00005333,Letras y numeros,HD 802,,,,,,
00005334,Letras y numeros,HD 804,,,,,,
00005335,Letras y numeros,HD 808,,,,,,
00005336,Letras y numeros,HD 811,,,,,,
00005337,Letras y numeros,HD 816,,,,,,
00005338,Letras y numeros,HD 817x,,,,,,
00005339,Letras y numeros,HD 817/1,,,,,,
00005340,Letras y numeros,HD 817/2,,,,,,
00005342,Letras y numeros,HD 825,,,,,,
00005343,Letras y numeros,HD 830,,,,,,
00005344,Letras y numeros,HD 833,,,,,,
00005345,Letras y numeros,HD 865,,,,,,
00005346,Letras y numeros,HD 867,,,,,,
00005347,Letras y numeros,HD 868,,,,,,
00005348,Letras y numeros,HD 868/1,,,,,,
00005349,Letras y numeros,HD 904,,,,,,
00005350,Letras y numeros,HD 904/10,,,,,,
00005351,Letras y numeros,HD 908,,,,,,
00005352,Letras y numeros,HD 914,,,,,,
00005353,Letras y numeros,HD 916,,,,,,
00005354,Letras y numeros,HD 921,,,,,,
00005355,Letras y numeros,HD 925,,,,,,
00005356,Letras y numeros,HD 931,,,,,,
00005357,Letras y numeros,HD 932,,,,,,
00005358,Letras y numeros,HD 938x,,,,,,
00005359,Letras y numeros,HD 939,,,,,,
00005360,Letras y numeros,HD 954x,,,,,,
00005361,Letras y numeros,HD 960,,,,,,
00005362,Letras y numeros,HD 976,,,,,,
00005363,Letras y numeros,HD 1012,,,N,,,
00005364,Letras y numeros,HD 1012/1,,,,,,
00005365,Letras y numeros,HD 1019,,,,,,
00005366,Letras y numeros,HD 1020,,,,,,
00005367,Letras y numeros,HD 1021,,,,,,
00005368,Letras y numeros,HD 1022,,,,,,
00005369,Letras y numeros,HD 1029x,,,,,,
00005370,Letras y numeros,HD 1030,,,,,,
00005371,Letras y numeros,HD 1031,,,,,,
00005372,Letras y numeros,HD 1031/1,,,,,,
00005373,Letras y numeros,HD 1032,,,,,,04/01/2010
00005374,Letras y numeros,HD 1033,,,,,,
00005375,Letras y numeros,HD 1034,,,,,,
00005376,Letras y numeros,HD 1039,,,,,,
00005377,Letras y numeros,HD 1040,,,N,,,04/01/2022
00005378,Letras y numeros,HD 1042,,,,,,
00005379,Letras y numeros,HD 1052,,,,,,
00005380,Letras y numeros,HD 1053,,,,,,
00005381,Letras y numeros,HD 1064,,,,,,
00005382,Letras y numeros,HD 1087,,,,,,
00005383,Letras y numeros,HD 1110,,,,,,
00005384,Letras y numeros,HD 1119,,,,,,
00005385,Letras y numeros,HD 1121,,,,,,
00005386,Letras y numeros,HD 1144,,,,,,
00005387,Letras y numeros,HD 1150,,,,,,
00005388,Letras y numeros,HD 1163,,,,,,
00005389,Letras y numeros,HD 1168,,,,,,
00005390,Letras y numeros,HD 1187,,,,,,
00005391,Letras y numeros,HD 1197,,,,,,
00005392,Letras y numeros,HD 1208,,,,,,
00005393,Letras y numeros,HD 1212,,,,,,
00005394,Letras y numeros,HD 1243,,,,,,
00005395,Letras y numeros,HD 1251,,,N,,,03/03/2014
00005396,Letras y numeros,HD 1267,,,,,,
00005397,Letras y numeros,HD 1310,,,,,,
00005398,Letras y numeros,HD 1313,,,,,,
00005399,Letras y numeros,HD 1322,,,,,,
00005400,Letras y numeros,HD 1327,,,,,,
00005401,Letras y numeros,HD 1348,,,,,,
00005402,Letras y numeros,HD 1352,,,,,,
00005403,Letras y numeros,HD 1386,,,,,,
00005404,Letras y numeros,HD 1436,,,,,,
00005405,Letras y numeros,HD 1455,,,,,,
00005406,Letras y numeros,HD 1457,,,,,,
00005407,Letras y numeros,HD 1497,,,,,,
00005408,Letras y numeros,HD 1497/1,,,,,,
00005409,Letras y numeros,HD 1510,,,,,,
00005410,Letras y numeros,HD 1525,,,,,,
00005411,Letras y numeros,HD 1602,,,,,,
00005412,Letras y numeros,HD 2719,,,,,,
00005413,Letras y numeros,HD 11115,,,,,,
00005414,Letras y numeros,HD 13122,,,,,,
00005415,Letras y numeros,HD 14101,,,,,,
00005416,Letras y numeros,HD 14127,,,,,,
00005417,Letras y numeros,HD 15114,,,,,,
00005418,Letras y numeros,HD 15122,,,,,,
00005419,Letras y numeros,HD 15135,,N,,,,
00005420,Letras y numeros,HD 15422,,,,,,
00005421,Letras y numeros,HD 17311,,,,,,
00005422,Letras y numeros,HD 20147,,,,,,
00005454,Letras y numeros,HU 925/4,,,N,,06/12/2014,
00005456,Letras y numeros,HU 934/1x,,,,,,
00005457,Letras y numeros,HU 938/4x,,,,,,
00005461,Letras y numeros,P 21,,,,,,
00005462,Letras y numeros,P 22,,,,,,
00005463,Letras y numeros,P 31,,,,,,
00005464,Letras y numeros,P 31/10,,,,,,
00005465,Letras y numeros,P 32,,,,,,
00005467,Letras y numeros,P 34,,,,,,
00005468,Letras y numeros,P 35,,,,,,
00005469,Letras y numeros,P 41,,,,,,
00005470,Letras y numeros,P 41/1,,N,,,,16/02/2021
00005471,Letras y numeros,P 42/1,,,,,,
00005472,Letras y numeros,P 43,,,,,,
00005473,Letras y numeros,P 43/10,,,,,,
00005474,Letras y numeros,P 43/5,,S,,,,
00005475,Letras y numeros,P 44,,,,,,
00005476,Letras y numeros,P 44/10,,,,,,
00005477,Letras y numeros,P 45,,,,,,
00005479,Letras y numeros,P 46/1,,,,,,
00005480,Letras y numeros,P 47,,,,,,
00005481,Letras y numeros,P 48,,,,,,
00005482,Letras y numeros,P 49,,,,,,
00005483,Letras y numeros,P 49/1,,,,,,
00005484,Letras y numeros,P 52,,,N,,,21/11/2013
00005485,Letras y numeros,P 54,,,,,,
00005486,Letras y numeros,P 54/10,,,,,,
00005487,Letras y numeros,P 55,,,,,,
00005488,Letras y numeros,P 55/10,,,,,,
00005489,Letras y numeros,P 56,,,,,,
00005490,Letras y numeros,P 57/10,,,,,,
00005491,Letras y numeros,P 67/10x,,,,,,
00005492,Letras y numeros,P 67x,,,,,,
00005493,Letras y numeros,P 68,,,,,,
00005494,Letras y numeros,P 85,,,,,,
00005495,Letras y numeros,P 89/10,,,,,,
00005496,Letras y numeros,P 512,,,N,,,29/11/2014
00005497,Letras y numeros,P 606,,,,,,
00005498,Letras y numeros,P 608,,,N,,,28/09/2017
00005499,Letras y numeros,P 609,,,,,,
00005500,Letras y numeros,P 610x,,,,,,
00005503,Letras y numeros,P 708x,,,,,,
00005504,Letras y numeros,P 711/11,,,N,,29/03/2012,
00005506,Letras y numeros,P 712/5,,,,,,
00005507,Letras y numeros,P 712x,,,,,,
00005508,Letras y numeros,P 713,,,,,,
00005513,Letras y numeros,P 717x,,,,,,
00005514,Letras y numeros,P 718,,,,,,
00005515,Letras y numeros,P 718/1x,,,N,S,18/11/2011,
00005517,Letras y numeros,P 722,,N,N,,,04/05/2017
00005518,Letras y numeros,P 723,,,N,,,18/02/2014
00005519,Letras y numeros,P 724x,,,,,,
00005520,Letras y numeros,P 726x,,,N,,,15/10/2013
00005521,Letras y numeros,P 730x,,,N,,,12/07/2013
00005523,Letras y numeros,P 746,,,,,,
00005524,Letras y numeros,P 803,,,,,,
00005527,Letras y numeros,P 810/3x,,,N,,,26/05/2017
00005530,Letras y numeros,P 815n,,,,,,
00005531,Letras y numeros,P 816,,,,,,
00005533,Letras y numeros,P 818/5,,,,,,
00005534,Letras y numeros,P 819,,,,,,
00005535,Letras y numeros,P 822x,N,,,,,12/02/2019
00005536,Letras y numeros,P 823/10,,,,,,
00005537,Letras y numeros,P 824/10,,,N,,,26/05/2014
00005539,Letras y numeros,P 825/1v,,,,,,
00005540,Letras y numeros,P 825/5x,,,,,,
00005541,Letras y numeros,P 825n,,,,,,
00005542,Letras y numeros,P 825t,,,,,,
00005543,Letras y numeros,P 826/10,,,,,,
00005544,Letras y numeros,P 915n,,,,,,
00005546,Letras y numeros,P 916/6x,,,N,,,19/03/2018
00005547,Letras y numeros,P 916/7x,,,,,,
00005548,Letras y numeros,P 917/20x,,,N,,,06/10/2017
00005551,Letras y numeros,P 921/2x,,,,,,
00005552,Letras y numeros,P 923/1x,,,,,,
00005553,Letras y numeros,P 926,,,,,,
00005554,Letras y numeros,P 932x,,,,,,
00005555,Letras y numeros,P 934,,,,,,
00005556,Letras y numeros,P 935,,,,,,
00005557,Letras y numeros,P 936x,,,,,,
00005558,Letras y numeros,P 937x,,,,,,
00005559,Letras y numeros,P 938x,,N,,,,27/08/2014
00005560,Letras y numeros,P 939/1x,,,,,,
00005562,Letras y numeros,P 940x,,,,,,
00005564,Letras y numeros,P 947,,,,,,
00005565,Letras y numeros,P 948/1,,,,,,
00005567,Letras y numeros,P 950/10x,,N,,,,
00005568,Letras y numeros,P 950x,,,,,,
00005569,Letras y numeros,P 1012x,,,,S,,
00005570,Letras y numeros,P 1015f,,,,,,
00005571,Letras y numeros,P 1015n,,,,,,
00005572,Letras y numeros,P 1015x,,,,,,
00005573,Letras y numeros,P 1018/1,,,,,,
00005574,Letras y numeros,P 1025/1x,,,N,,,24/08/2021
00005575,Letras y numeros,P 1025f,,,N,,,09/04/2013
00005576,Letras y numeros,P 1025n,,,,,,
00005578,Letras y numeros,P 1036,,,,,,
00005579,Letras y numeros,P 1044,,,,,,
00005580,Letras y numeros,P 1075,,,,,,
00005581,Letras y numeros,P 1113,,,,,,
00005582,Letras y numeros,P 1130,,,,,,
00005585,Letras y numeros,P 1149,,,,,,
00005586,Letras y numeros,P 1163,,,,,,
00005587,Letras y numeros,P 1165,,,,,,
00005588,Letras y numeros,P 1167,,,,,,
00005591,Letras y numeros,P 1193x,,,N,,,03/03/2018
00005592,Letras y numeros,P 1198,,,,,,
00005593,Letras y numeros,P 1271n,,,,,,
00005594,Letras y numeros,P 1271x,,,,,,
00005595,Letras y numeros,P 1279,,,,S,,
00005596,Letras y numeros,P 1478,,,,,,
00005597,Letras y numeros,P 1478/10,,,,,,
00005598,Letras y numeros,P 1511,,,,,,
00005599,Letras y numeros,P 1517,,,,,,
00005600,Letras y numeros,P 1535/1,,,,,,
00005601,Letras y numeros,P 1535n,,,,,,
00005602,Letras y numeros,P 1545,,,,,,
00005603,Letras y numeros,P 1548,,,,,,
00005604,Letras y numeros,P 1558,,,,,,
00005605,Letras y numeros,P 1564,,,,,,
00005606,Letras y numeros,P 1587,,,,,,
00005607,Letras y numeros,P 11102x,,,,,,
00005608,Letras y numeros,P 10113,,,,,,
00005609,Letras y numeros,P 10120,,,,,,
00005610,Letras y numeros,P 13132,,,,,,
00005611,Letras y numeros,P 14149,,,,,,
00005612,Letras y numeros,P 15140,,,,,,
00005613,Letras y numeros,P 15150x,,,,,,
00005614,Letras y numeros,P 15222,,,,,,
00005615,Letras y numeros,P 15323,,,,,,
00005616,Letras y numeros,P 17427,,,,,,
00005617,Letras y numeros,P 19203,,,,,,
00005618,Letras y numeros,P 22577,,,,,,
00005619,Letras y numeros,PF 815k,,,,,,
00005620,Letras y numeros,PF 915n,,,,,,
00005621,Letras y numeros,PF 925,,,,,,
00005622,Letras y numeros,PF 1025,,,N,,,
00005623,Letras y numeros,PF 1025f,,,,,,
00005624,Letras y numeros,PF 1025n,,,,,,
00005625,Letras y numeros,PF 1025X,,,N,,,07/02/2017
00005626,Letras y numeros,PF 1025t,,,N,,,29/08/2013
00005627,Letras y numeros,PF 1040x,,,N,,,
00005630,Letras y numeros,PF 1140,,,,,,
00005631,Letras y numeros,PF 1155x,,,N,,,06/04/2022
00005633,Letras y numeros,PF 1280,,,,,,
00005634,Letras y numeros,PF 1552,,,N,,,29/11/2013
00005635,Letras y numeros,PF 16190,,,,,,
00005636,Letras y numeros,PF 16200x,,,,,,
00005637,Letras y numeros,PF 16500x,,N,,,,16/09/2021
00005638,Letras y numeros,PF 19226x,,,,,,
00005639,Letras y numeros,PF 19326x,,,,,,
00005648,Letras y numeros,W 67/10,,,N,S,,05/12/2016
00005654,Letras y numeros,W 77/10,,,N,S,,10/06/2016
00005676,Letras y numeros,W 713/50,,,,S,,
00005678,Letras y numeros,W 719,,S,N,S,,11/11/2019
00005692,Letras y numeros,W 818/12,,,N,S,18/05/2020,
00005701,Letras y numeros,W 914/12,,,,S,,
00005712,Letras y numeros,W 920/30,,,N,S,,24/11/2021
00005715,Letras y numeros,W 920/45,,,,S,,
00005717,Letras y numeros,W 920/66,,S,N,S,,01/09/2022
00005723,Letras y numeros,W 927,,,N,S,,17/05/2021
00005728,Letras y numeros,W 930/13,,,,S,,
00005730,Letras y numeros,W 930/30,,,,S,,
00005731,Letras y numeros,W 930/50,,,,S,,
00005759,Letras y numeros,W 950/31,,,,S,,
00005765,Letras y numeros,W 962/9,,,,S,,
00005768,Letras y numeros,W 962/15,,,,S,,
00005769,Letras y numeros,W 962/52,,,,S,,
00005770,Letras y numeros,W 712/7,,,N,S,,12/12/2014
00005772,Letras y numeros,W 1021/10,,,,S,,
00005773,Letras y numeros,W 1021/20,,,,S,,
00005774,Letras y numeros,W 1021/30,S,,N,S,,19/08/2019
00005779,Letras y numeros,W 1122/1,,,N,S,,27/02/2014
00005781,Letras y numeros,W 1126/5,,,,S,,
00005789,Letras y numeros,W 1144,,,N,S,,13/10/2017
00005791,Letras y numeros,W 1158,,,,S,,
00005797,Letras y numeros,W 1168/20,,S,N,S,25/02/2016,
00005800,Letras y numeros,W 1170/10,,,,S,,
00005801,Letras y numeros,W 1172,,,,S,,
00005806,Letras y numeros,W 1275,,,N,S,,23/03/2018
00005808,Letras y numeros,W 1290,,,,S,,
00005809,Letras y numeros,W 1290/1,,,N,S,,
00005812,Letras y numeros,W 1355,,,,S,,
00005814,Letras y numeros,W 1359/1,,,,S,,
00005815,Letras y numeros,W 1361,,,N,S,,04/09/2012
00005817,Letras y numeros,W 1396,,,,S,,
00005823,Letras y numeros,W 11102/9,,,N,S,,09/05/2017
00005836,Letras y numeros,WA 940/2,,,N,,,
00005837,Letras y numeros,WA 940/10,,,N,,,
00005838,Letras y numeros,WA 956,,,N,,,03/02/2016
00005839,Letras y numeros,WA 1113,,,N,,,
00005840,Letras y numeros,WA 1122,,,N,,,
00005841,Letras y numeros,WA 1162,,,N,,,
00005843,Letras y numeros,WD 925,,,N,,,
00005844,Letras y numeros,WD 920,,,N,,,07/02/2023
00005847,Letras y numeros,WD 950/2,,,N,,,
00005848,Letras y numeros,WD 950/3,,,N,,,12/12/2014
00005850,Letras y numeros,WD 962/30,,,N,,18/01/2010,
00005851,Letras y numeros,WD 962/40,,,N,,,
00005852,Letras y numeros,WD 1171,,,N,,,
00005853,Letras y numeros,WD 13145,,N,N,,,17/06/2017
00005854,Letras y numeros,WD 13145/10,,,N,,,
00005855,Letras y numeros,WK 7,,,,S,,
00005856,Letras y numeros,WK 10,,,,S,,
00005865,Letras y numeros,WK 29/33,,N,N,S,,05/02/2019
00005869,Letras y numeros,WK 29/57,,,,S,,
00005875,Letras y numeros,WK 43/8,,,,S,,
00005886,Letras y numeros,WK 76/5,,N,N,S,,08/02/2019
00005917,Letras y numeros,WK 614/4,,,N,S,,16/09/2014
00005938,Letras y numeros,WK 714/20,,,,S,,
00005947,Letras y numeros,WK 756,,,N,S,,09/03/2012
00005951,Letras y numeros,WK 800/2,,,,S,,
00005962,Letras y numeros,WK 842/1,,N,N,S,,30/06/2015
00005967,Letras y numeros,WK 845,,,,S,,
00005969,Letras y numeros,WK 853,,,N,S,,22/03/2013
00005977,Letras y numeros,WK 917/3,,,,S,,
00005982,Letras y numeros,WK 925,,,N,S,23/03/2013,
00005983,Letras y numeros,WK 925/1,,,,S,,
00005994,Letras y numeros,WK 940/33,,,,S,,
00005998,Letras y numeros,WK 945,,,,S,,
00006003,Letras y numeros,WK 950/30,,,N,S,,20/12/2017
00006026,Letras y numeros,WK 1166,,,,S,,
00006028,Letras y numeros,WK 1284,,,,S,,
00006037,Letras y numeros,WP 929,,,N,,,
00006038,Letras y numeros,WP 930,,,N,,,
00006040,Letras y numeros,WP 940,,,N,,,19/10/2011
00006048,Letras y numeros,WP 1156,,,N,S,,09/04/2022
00006051,Letras y numeros,WP 1284,,,N,,,
00006152,Letras y numeros,C 2510/1,,,N,,23/07/2019,
00007527,Descripcion erronea,SET PUNTAS ADAP 28PZA MAKITA}                     ,S,N,N,S,21/03/2022,10/02/2023
00007575,Descripcion erronea,MAUSE PAD WRIST PILLOW                            ,,,N,S,21/03/2022,
00011451,Letras y numeros,PU 7004z,,,N,,16/04/2019,
00011738,Descripcion erronea,LINTERNA RECARG STEEELPRO SENSOR .X               ,,,,,,
00013755,Letras y numeros,C 3307/1,,,N,,23/03/2020,
00014431,Letras y numeros,NO USAR,,,N,,,16/03/2013
00018284,Letras y numeros,PU 7004Z,,,,,,
00018381,Descripcion erronea,GRATA CIRCULAR TREN 4.1/2X? FAESIN 32101          ,,,S,,05/05/2017,16/08/2019
00019207,Descripcion erronea,FAROL DEL PARACH RH NISS 720 82/92                ,,N,,,10/08/2015,16/11/2016
00019293,Descripcion erronea,GUIA PARACH DEL LH TOY YARIS SPORT 06/11          ,,,N,,17/06/2022,18/06/2022
00019391,Descripcion erronea,FAROL DEL PARACH LH NISS 720 82/92                ,,N,N,S,20/10/2022,03/11/2022
00020302,Letras y numeros,HU 7012Z,,N,N,,02/08/2021,
00020408,Descripcion erronea,METAL BANC 0.25 HYUN ELANTRA }MITS L200 JP                                                          ,,,,,,
00020439,Descripcion erronea,METAL BANC 0.5 TOY 3E 5E 5EF } PASEO                                                                ,,,,,,
00023971,Letras y numeros,CU 2138,,,N,,,15/06/2021
00025108,Solo numeros,25108                                             ,,,,S,,
00025254,Letras y numeros,C 42002,,,N,,11/09/2018,
00026503,Descripcion erronea,CAJA REG IK401 ISKRA TRACTORES JHON DEEERE        ,,N,N,,07/09/2017,21/10/2021
00028081,Descripcion erronea,MICA REFLECTANTE  LH PARACH TRAS MAZDA 3 03/08    ,,,N,,30/09/2021,31/07/2012
00028750,Descripcion erronea,SOLENOIDE 12V ZM4395 FIAT UNO }PALIO 8 VALVULAS   ,,S,N,,21/11/2019,13/10/2021
00029910,Descripcion erronea,AGUJA CARBURADOR CHEVROLET LUV 1.6 81/}           ,,,N,,19/08/2013,09/11/2019
00029919,Letras y numeros,W 940/69,,,N,,29/09/2022,
00029925,Letras y numeros,C 20106,,,N,,29/09/2022,
00029931,Letras y numeros,WK 52/1,,,N,,29/09/2022,
00029933,Letras y numeros,WK 716/2,,,N,,29/09/2022,
00029934,Letras y numeros,WK 1060/3X,,,N,,29/09/2022,
00031361,Descripcion erronea,FAROL EXT PARACH .LUV 81/88                       ,,N,N,,13/11/2012,12/06/2017
00031695,Letras y numeros,PU 10023/1Z,,,N,,20/09/2022,
00031700,Letras y numeros,W 712/30,,,N,,05/09/2022,
00031963,Descripcion erronea,CORREA DSITRIBUCION 168                           ,,N,,S,17/12/2019,17/12/2019
00036125,Solo numeros,444444444                                         ,,,,,,
00036976,Descripcion erronea,SOPORTE PARACH DELT RH SUZ CELERIO 09/15          ,,,N,,05/03/2022,30/07/2011
00036977,Descripcion erronea,SOPORTE PARACH DELT LH SUZ CELERIO 09/15          ,,,N,,05/03/2022,30/07/2011
00037198,Descripcion erronea,BUJE PAQ RES TOY HILUX 72/98 TRAS CORTO}          ,,N,N,,16/08/2011,07/03/2018
00037887,Descripcion erronea,AAAAAAA                                                                                             ,,,,,,
00037888,Descripcion erronea,BBBBBB                                                                                              ,,,,,,
00037889,Descripcion erronea,CCCCCCC                                                                                             ,,,,,,
00038443,Letras y numeros,W 810/10,,N,,,,12/11/2011
00038988,Solo numeros,1                                                                                                   ,,N,N,S,11/12/2012,
00040088,Descripcion erronea,GRATA CIRCULAR TREN 4.1/2X? FAESIN 33034          ,,N,S,S,17/11/2018,16/11/2021
00040888,Descripcion erronea,DSICPONIBLE                                       ,,S,,,04/09/2014,10/03/2016
00042115,Solo numeros,1                                                                                                   ,,,N,,25/01/2016,
00042667,Solo numeros,1                                                                                                   ,,N,N,,23/04/2012,
00043985,Descripcion erronea,FAROL PARACH RH CHEV LUV 81/88                    ,,N,N,,13/04/2018,15/03/2022
00043986,Descripcion erronea,MICA PARACH RH LUV 81/88                          ,,N,N,,06/10/2014,03/02/2020
00043987,Descripcion erronea,MICA PARACH RH LUV 81/88                          ,,,N,,23/10/2012,23/09/2017
00048469,Descripcion erronea,REJILLA INFERIOR PARACH TOY YARIS 03-06           ,,N,N,,08/07/2016,15/06/2016
00049095,Descripcion erronea,CLIP MASCARA/PARACH DEL CHV AVEO/OPTRA            ,,N,,,01/08/2012,03/11/2012
00049734,Letras y numeros,W 712/19,,,S,S,19/08/2021,
00052230,Descripcion erronea,FAROL PARACH LH DEPO ARG TOY HILUX                ,,N,N,,28/11/2012,03/10/2022
00052244,Descripcion erronea,FAROL PARACH BICO LH LUV 89/96                    ,,N,N,,28/09/2022,09/02/2023
00052245,Descripcion erronea,FAROL PARACH BICO RH LUV 89/96                    ,,N,N,S,28/09/2022,10/11/2021
00052391,Descripcion erronea,FAROL PARACH RH BICOLOR DAIH CHARADE              ,,,N,,05/12/2012,17/05/2014
00052392,Descripcion erronea,FAROL PARACH LH BICOLOR  DAIH CHARADE             ,,N,N,,05/12/2012,12/02/2014
00052393,Descripcion erronea,MICA PARACH LH BICOLOR DAIH CHARADE               ,,,N,,05/12/2012,22/08/2022
00052394,Descripcion erronea,MICA PARACH RH BICOLOR DAIH  CHARADE              ,,,N,,05/12/2012,22/08/2022
00053537,Descripcion erronea,YYYYYYYYYYYYYYYYYYYYYYYYYYYYY                     ,,,,,,
00053785,Descripcion erronea,LB                                                ,,,N,,,19/02/2013
00053937,Descripcion erronea,VACA                                              ,,,,,,
00054936,Letras y numeros,H 804,,,N,,24/04/2013,
00054963,Descripcion erronea,FAROL TRAS ISQ TOY COROLLA 07/12                  ,,S,N,S,,23/01/2018
00054975,Descripcion erronea,RODAMIENTO GAUSSS                                 ,,N,N,,,21/04/2018
00055772,Letras y numeros,HU 721/5X,,N,N,,28/05/2013,
00056442,Letras y numeros,WK 8114,,,N,S,30/07/2013,
00056761,Descripcion erronea,PISADERA PARACH PLAST TRAS CEN H1 NEW 08          ,,N,,,20/08/2013,28/08/2013
00056985,Descripcion erronea,REJILLA PARACH DEL TOY YARIS SEDAN 03/05          ,,N,N,,28/04/2016,13/06/2020
00057108,Descripcion erronea,AMORT TRAS RH/LH NISSSAN D21/D22 4X4 ATS          ,,N,N,,14/02/2018,06/06/2019
00058402,Descripcion erronea,EMPAQUETADURA CULATA NISSSAN NP300  2300  15/18   ,,N,,,23/11/2021,
00059657,Descripcion erronea,REJILLA PARACH HY ACCENT 06/10                    ,,,N,,21/04/2022,22/04/2022
00059711,Descripcion erronea,ELEVADOR HIDRAULICO MOTO 800LBS 235-740 MM}       ,,,N,S,18/03/2022,18/03/2022
00059752,Descripcion erronea,MASA DEL NISSAN NAVARA  ORIG                      ,,,,,,
00060420,Descripcion erronea,FAROL PARACH EXT RH SUBARU JUSTY                  ,,N,,,10/03/2014,12/03/2014
00060421,Descripcion erronea,FAROL PARACH INT RH SUBARU JUSTY                  ,,N,,,10/03/2014,12/03/2014
00060422,Descripcion erronea,FAROL PARACH EXT LH SUBARU JUSTY                  ,,N,,,10/03/2014,12/03/2014
00060423,Descripcion erronea,FAROL PARACH INT LH SUBARU JUSTY                  ,,N,,,10/03/2014,12/03/2014
00060462,Descripcion erronea,DSICO DE FRENO DELANTERO VENTILADO HYUNDAI        ,,N,N,,20/11/2020,20/11/2020
00060919,Letras y numeros,WK 815/2,,,N,S,01/04/2014,
00061413,Letras y numeros,CF 70062,,N,,,,
00061650,Letras y numeros,WK 820/2X,,,,S,,
00061651,Letras y numeros,WK 820/3X,,,,S,,
00062003,Descripcion erronea, 80X40X15X3MMX6MTS                                ,,,,,,
00063335,Descripcion erronea,CAJA REG M5152A PRESTOLITE PEU modulo?            ,,,N,,11/07/2014,
00064055,Descripcion erronea,EMBLEMA 1.8 SSS                                   ,,N,N,,28/10/2016,25/09/2017
00066471,Descripcion erronea,REJILLA PARACH FIAT PALIO/SIENA/                  ,,,N,,28/11/2014,29/11/2014
00066747,Letras y numeros,C 16237,,S,,,15/11/2016,
00067891,Descripcion erronea,REJILLA PARACH DEL LH FIAT                        ,,,N,,02/04/2015,02/03/2015
00068464,Descripcion erronea,SOPORTE PARACH DEL DER TOY YARIS SEDAN 14         ,,,N,,10/04/2015,26/11/2016
00068465,Descripcion erronea,SOPORTE PARACH DEL IZQ TOY YARIS SEDAN 14         ,,,N,,10/04/2015,26/11/2016
00068538,Descripcion erronea,MASA TRASERA HYU ACC                              ,,,N,,15/04/2015,30/04/2015
00070123,Descripcion erronea,CORNER CROMADO RH PARACH DEL NISS 720             ,,,N,,04/10/2022,14/10/2022
00070124,Descripcion erronea,CORNER CROMADO PARACH DEL LH NISS 720             ,,,N,,04/10/2022,14/10/2022
00070497,Descripcion erronea,H                                                 ,,,,,,
00071187,Descripcion erronea,DI9SPONIBLE                                       ,,,,,,
00071474,Descripcion erronea,MASA DEL COMPL. (ROD Y RETE) L200                 ,,,,,,
00072059,Letras y numeros,C 18255,,,N,,07/03/2018,
00072061,Letras y numeros,C 27050,,,N,,07/03/2018,
00072079,Descripcion erronea,XXXXXXXXXXXXXXXXXXX                               ,,,N,,,16/11/2015
00072513,Descripcion erronea,MOLDURA PARACH DELANT PEUG 206XR                  ,,,N,,15/04/2016,16/04/2016
00072516,Descripcion erronea,REFUERZO PARACH DELANT PEUG 206XR                 ,,,N,,07/11/2015,06/11/2015
00073166,Descripcion erronea,MANILLA INT LH SUZ SWIFT MODELO NUEVO ?           ,,,N,,03/12/2015,26/04/2016
00073167,Descripcion erronea,MANILLA INT RH SUZ SWIFT MODELO NUEVO ?           ,,,N,,03/12/2015,02/02/2016
00073857,Descripcion erronea,A                                                 ,,,,,,
00074596,Descripcion erronea,FAROL PARACH TRAS PEUG 206 06/                    ,,,N,,29/02/2016,09/03/2018
00074697,Solo numeros,13070                                             ,,S,,,03/03/2016,30/01/2023
00075869,Letras y numeros,WK 8034,,,S,S,02/03/2020,
00077071,Descripcion erronea,MASACARA CROMADA P/OPTICO CHV LUV 4ZD1 97/98      ,,N,,,27/07/2016,02/08/2016
00077707,Descripcion erronea,ROTULA INF.DER. ISQ KIA CARNIVAL HY. NEW H1       ,,S,,,26/11/2016,10/09/2016
00077799,Descripcion erronea,INMIVILIZADOR AUTO C/CONTROL REMOTO VT-522        ,,N,N,S,20/01/2018,03/08/2022
00077869,Descripcion erronea,SOPORTE DEL MOTOR NISSSAN V16                     ,,N,,,23/09/2016,03/01/2019
00079819,Descripcion erronea,MASA RUEDA TRASSERA CON RODA CON ABS TOY YARIS    ,N,S,,,01/04/2017,
00080392,Descripcion erronea,MASA RUEDA DELANTERA C/RODAMIENTO                 ,,,N,,18/05/2017,23/05/2017
00080543,Letras y numeros,C 28213,,,,,,
00080951,Letras y numeros,PU 937X,,,,,,
00081007,Descripcion erronea,FAROL PARACH TRAS LH/RH CHEV SPARK 05/15          ,,,S,,13/03/2020,09/04/2022
00081729,Descripcion erronea,KIT DSITRIBUCION HYUNDAI H1 NEW/PORTER KIA SORENTO,,,N,,19/07/2017,26/09/2017
00082298,Letras y numeros,PU 937,,,N,,24/08/2017,
00083059,Letras y numeros,C 271050,,,,,,
00084265,Descripcion erronea,PEDIDO LIBREIA                                    ,,,N,,10/01/2018,
00084470,Descripcion erronea,DIDPONIBLE                                        ,,,S,,,
00084986,Letras y numeros,PA 2906,,,,,,
00084987,Letras y numeros,B 7181,,,,,,
00085992,Descripcion erronea,REFUERZO PARACH.DELANT TOY HILUX KUN 05/15        ,,N,,,21/02/2019,04/03/2019
00086594,Descripcion erronea,DIS`PONIBLE                                       ,,N,,,26/09/2019,26/09/2019
00088587,Descripcion erronea,RODAMIENTO EMBRAGE  DW  RACER MONZA  DAEWOO       ,,N,,,24/08/2018,
00089427,Letras y numeros,WK 9024,,,N,S,03/10/2018,
00089608,Descripcion erronea,POLEA C/ EMBRAGUE NISSSAN                         ,,N,N,S,09/10/2018,
00090013,Letras y numeros,WK 1124,,,N,S,12/11/2018,
00090014,Letras y numeros,PU 935/6X,,,,,,
00090100,Descripcion erronea,PIST. MIG TREGASKISSS 350 CONEC                   ,,,,,,
00090973,Letras y numeros,HU 8014z,,,N,,10/02/2023,
00091057,Descripcion erronea,REFUERZO PARACH TRAS TOY YARIS 06/08              ,,,N,,01/03/2019,01/03/2019
00091856,Descripcion erronea,FAROL REFLECT PARACH TRAS RH HY TUCSON 16/        ,,N,N,,25/04/2019,25/04/2019
00091891,Letras y numeros,C 3459,,,N,,28/10/2019,
00092105,Letras y numeros,NT 27/1,,,,,,
00092216,Letras y numeros,WK 9043,,,N,S,26/01/2023,
00092547,Letras y numeros,WK 10002/1X,,,N,S,10/02/2023,
00093717,Descripcion erronea,KIT SOPORTE PARACH TRAS LH/RH SUZ CELERIO 09/     ,,,N,,05/03/2022,02/12/2020
00094602,Descripcion erronea,GUIA PARACH  CHEV  SAIL 1.4  RH 16 VALV   11/     ,,,,,,
00094604,Descripcion erronea,GUIA PARACH CHV SAIL.1.4 RH 11/                   ,,,N,,22/11/2019,
00096241,Descripcion erronea,XXX                                               ,,,,,,
00097583,Descripcion erronea,MICA FAROL PARACH TRAS RH MAZDA 3                 ,,,N,,01/10/2021,17/02/2022
00097904,Descripcion erronea,TENSOR CORREA DSITRIBUCION HIDRAULICO CHEVROLET LU,,N,,,15/09/2020,06/10/2020
00098004,Letras y numeros,WK 9053,,,N,S,28/09/2020,
00099241,Descripcion erronea,CORREA DSITRIBUCION DAEWO RACER/ CHEV CORSA       ,,N,,S,24/12/2020,
00099827,Descripcion erronea,CABLE FRENO KUN 25 ISQ                            ,,N,N,,13/02/2021,21/04/2021
00100160,Letras y numeros,NO USAR,,,,,,
00100347,Letras y numeros,NO USAR,,,,,,
00101669,Letras y numeros,NO USAR,,,,,02/02/2006,
00102377,Letras y numeros,C 630,,,N,,12/01/2023,
00102948,Letras y numeros,WK 1040/1,,,N,S,03/05/2022,
00104178,Letras y numeros,C 30080,,N,N,,22/07/2022,
00104209,Letras y numeros,NO USAR,,,,,21/07/2006,
00106149,Letras y numeros,NO USAR,,,,,09/08/2002,
00106683,Letras y numeros,NO USAR,,,,,19/11/2007,
00106890,Letras y numeros,C 21015,,,N,,26/11/2021,
00107084,Letras y numeros,WK 58/5,,,N,,05/09/2022,
00107539,Letras y numeros,NO USASR,,,,,,
00107638,Letras y numeros,CU 24013,,,N,,05/12/2022,
00107858,Letras y numeros,NO USAR,,,,,07/03/2011,
00107891,Letras y numeros,NO USAR,,,,,,
00107900,Descripcion erronea,FAROL PARACH TRAS RH JAC S3                       ,,,N,,10/12/2022,16/12/2022
00107995,Letras y numeros,NO USAR,,,,,28/04/2006,
00107996,Letras y numeros,NO USAR,,,,,,
00108553,Letras y numeros,NO USAR,,,,,13/12/2005,
00108627,Descripcion vacia,Vacio,,,,,07/12/1999,
00108716,Letras y numeros,NO USAR,,,,,,
00108734,Letras y numeros,NO USAR,,,,,,
00108951,Letras y numeros,NO USAR,,,,,13/03/2006,
00109520,Solo numeros,1                                                 ,,,,,03/10/2008,
00109654,Letras y numeros,NO USAR,,,,,,
00109790,Letras y numeros,NO USAR,,,,,27/07/2005,
00109879,Letras y numeros,NO USAR,,,,,09/02/2006,
00109983,Letras y numeros,NO USAR,,,,,12/09/2006,
00110119,Letras y numeros,NO USAR,,,,,21/10/2005,
00110151,Descripcion vacia,Vacio,,,,,,
00110295,Letras y numeros,WK 820/17,,,N,,10/06/2022,
00110903,Letras y numeros,RT 37X12X60UNID.,,,,S,27/08/2021,
00111504,Descripcion erronea,DADO HEX #3/4 1.7/8 CROSS FOSF 245137}            ,,,N,N,09/06/2022,05/09/2022
00111643,Descripcion erronea,LALVE DE IMPACTO 1/2 INALAMBRICA 18V MAKITA       ,,,,,,
00111887,Letras y numeros,HU 613/1,,S,S,,02/09/2022,
00111888,Letras y numeros,WK 8019,,S,,,14/07/2022,
00111941,Letras y numeros,C 24150,,S,S,,23/11/2022,
00112701,Descripcion erronea,ESPEJO LH NISSSAN VERSA                           ,,,N,N,12/11/2022,14/11/2022
00112760,Descripcion erronea,"GRTA COPA FINA 5"" ESMERIL EJE 5/8 TRUPER CO-512   ",,,,,,
00113718,Letras y numeros,C 23041,,S,,,18/01/2023,
00200002,Descripcion erronea,RRRR                                                                                                ,,,,,,
00200003,Descripcion erronea,EEE                                                                                                 ,,,,,,
00200004,Descripcion erronea,UUU                                                                                                 ,,,,,,
00200005,Descripcion erronea,QQQ                                                                                                 ,,,,,,
00200006,Descripcion erronea,PPPPP                                                                                               ,,,,,,
00200007,Descripcion erronea,LLLL                                                                                                ,,,,,,
00200009,Descripcion erronea,XXX                                                                                                 ,,,,,,
00200010,Descripcion erronea,PP1                                                                                                 ,,,,,,
00200011,Descripcion erronea,PP2                                                                                                 ,,,,,,
00200012,Descripcion erronea,PP3                                                                                                 ,,,,,,
00200013,Descripcion erronea,PP4                                                                                                 ,,,,,,
00200014,Descripcion erronea,PP5.                                                                                                ,,,,,,
00200039,Descripcion erronea,ENEEE                                                                                               ,,,,,,
00200040,Descripcion erronea,AAAAA                                                                                               ,,,,,,
00200041,Descripcion erronea,PPP2                                                                                                ,,,,,,
00200042,Descripcion erronea,AAAA2                                                                                               ,,,,,,
00200043,Descripcion erronea,PROSERSSS                                                                                           ,,,,,,
00200048,Solo numeros,321                                                                                                 ,,,,,,
00200049,Solo numeros,321                                                                                                 ,,,,,,
00200050,Solo numeros,321                                                                                                 ,,,,,,
00200051,Solo numeros,32132                                                                                               ,,,,,,
00200052,Solo numeros,332255                                                                                              ,,,,,,
00200053,Descripcion erronea,SSDFF                                                                                               ,,,,,,
00200054,Descripcion erronea,SDFDSFSD                                                                                            ,,,,,,
00200075,Descripcion erronea,YTJ HYGUOTUTFGLHHKGFDILUHG                                                                          ,,N,,,,
00200125,Descripcion erronea,{KIJDWUFVIERWHGVPRWF                                                                                ,,,,,,
00200388,Solo numeros,321321                                                                                              ,,,,,,
00200390,Solo numeros,32321321                                                                                            ,,,,,,
00200391,Solo numeros,321321                                                                                              ,,,,,,
00200488,Descripcion erronea,PARACHO                                                                                             ,,,,,,
00200822,Descripcion erronea,GRTASA                                                                                              ,,N,,,,
00201692,Descripcion erronea,REJILLA FIAT PARACHO                                                                                ,,,,,,
00201763,Descripcion erronea,MASA KIA FRONTIER                                                                                   ,,,,,,
00201818,Descripcion erronea,JGO.CABLE BUJIA CA}OUPE                                                                             ,,,,,,
00202293,Descripcion erronea,REF PARACHO                                                                                         ,,,,,,
00202341,Descripcion erronea,PEDIDOS DE PERNOS                                                                                   ,,,,,,
00202350,Descripcion erronea,PEDIDO SEGUN COTIZACION 26852                                                                       ,,,,,,
00202493,Descripcion erronea,KIT EMBRAGE PEUGEOT                                                                                 ,,,,,,
00202522,Descripcion erronea,SOPORTE LAT PARACH                                                                                  ,,N,,,,17/03/2016
00202757,Descripcion erronea,MASA TRAS CON RODAMIENTO                                                                            ,,,,,,
00203197,Descripcion erronea,OPTICO ISQU B220                                                                                    ,,,,,,
00203230,Descripcion erronea,PARACHOQ                                                                                            ,,,,,,
00203307,Descripcion erronea,FUNDA PARACH TRAS                                                                                   ,,,,,,
00203474,Letras y numeros,PP 2932,,,,,,
00203734,Descripcion erronea,BBB                                                                                                 ,,,,,,
00203736,Descripcion erronea,AMOR PORT ALTO}                                                                                     ,,,,,,
00203744,Descripcion erronea,5NJHJLKJI                                                                                          ,,,N,,,
00203768,Descripcion erronea,PARACHOE                                                                                            ,,,N,,,08/08/2018
00203863,Solo numeros,1                                                                                                   ,,,,,,
00203873,Descripcion erronea,SASD1                                                                                               ,,,,,,
00204087,Descripcion erronea,NWUMATICOS                                                                                          ,,,N,,,
00204154,Descripcion erronea,REJILLA INF. PARACH. DEL COROLLA                                                                    ,,,,,,
00204202,Solo numeros,1                                                                                                   ,,,,,,
00204203,Solo numeros,111                                                                                                 ,,,,,,
00204211,Letras y numeros,PP 3201,,,,,,
00204224,Descripcion erronea,EMBRAGE SUB                                                                                         ,,,,,,
00204528,Solo numeros,0                                                                                                   ,,,,,,
00204560,Descripcion erronea,PARACHOQ                                                                                            ,,,,,,
00204578,Solo numeros,0                                                                                                   ,,,,,,
00204621,Descripcion erronea,REP NISSSAN                                                                                         ,,,,,,
00204646,Solo numeros,0                                                                                                   ,,,,,,
00204682,Descripcion erronea,RUEDASSSS                                                                                           ,,,,,,
00204724,Solo numeros,1                                                                                                   ,,,,,,
00204759,Solo numeros,1                                                                                                   ,,,,,,
00205005,Letras y numeros,RP HYUNDAI,,,,,,
00205332,Letras y numeros,JG ANILLOS,,,,,,
